Type,Type ID,Tag,Name,Address,City,Full Address,Phone,Fax,Website,Email,Description
Business,1,Accounting,C. Hundley & Company,419 W Main St,"Staunton, IL","419 W Main St Staunton, IL",618-635-2487,,,,
Business,1,Accounting,"Gina Gucciardo, CPA",314 S Macoupin St,"Gillespie, IL","314 S Macoupin St Gillespie, IL",217-839-4226,,,,
Business,1,Accounting,H&R Block-Ambuehl Acct,230 E Main,"Staunton, IL","230 E Main Staunton, IL",618-635-2100,,,,
Business,1,Accounting,Kiffmeyer Acct & Tax Service,201 E Warren,"Bunker Hill, IL","201 E Warren Bunker Hill, IL",618-585-3061,,,,
Business,1,Accounting,Lawrence Travis & Co PC,133 E Jackson St,"Virden, IL","133 E Jackson St Virden, IL",217-965-5466,,,,
Business,1,Accounting,Richard Walden CPA,34 Sonnemann,"Carlinville, IL","34 Sonnemann Carlinville, IL",217-854-4728,,,,
Business,1,Accounting,Tax-Masters,"Rt. 2, Box 88A","Brighton, IL","Rt. 2, Box 88A Brighton, IL",618-372-3000,,,,
Business,1,Accounting,Wall Street Financial Group,217 W Main,"Carlinville, IL","217 W Main Carlinville, IL",217-854-3300,,,,
Business,1,Agriculture,Agri Solutions,31832 Delhi Rd,"Brighton, IL","31832 Delhi Rd Brighton, IL",618-372-3000,,,,
Business,1,Agriculture,Agriculture Consultant: Randy Darr,7033 Rt. 16,"Shipman, IL","7033 Rt. 16 Shipman, IL",618-836-5503,,,,
Business,1,Agriculture,Barnett Farms Trucking Inc.,5495 Fosterburg Rd.,"Shipman, IL","5495 Fosterburg Rd. Shipman, IL",618-836-7384,,,,
Business,1,Agriculture,"Danny Schetter, Burrus Seed",,"Brighton, IL"," Brighton, IL",618-372-3412,,,,
Business,1,Agriculture,Dick Shelton Seed Sales,12102 Chesterfield Rd.,"Shipman, IL","12102 Chesterfield Rd. Shipman, IL",618-836-7736,,,,
Business,1,Agriculture,Forklifts-N-More,319 E. Railroad,"Shipman, IL","319 E. Railroad Shipman, IL",618-836-7746,,,,
Business,1,Agriculture,Illinoie Propane,P. O. Box 113,"Medora, IL","P. O. Box 113 Medora, IL",618-729-3848,,,,
Business,1,Agriculture,J. D. Wilson Trucking,1295 Rt. 16,"Shipman, IL","1295 Rt. 16 Shipman, IL",618-729-4221,,,,
Business,1,Agriculture,M&M Service Co Elevator,130 N Chiles St,"Carlinville, IL","130 N Chiles St Carlinville, IL",217-854-3148,,,,
Business,1,Agriculture,M&M Service Company,RR1,"Chesterfield, IL","RR1 Chesterfield, IL",618-753-3127,,,,
Business,1,Agriculture,M&M Service Company,East Main,"Palmyra, IL","East Main Palmyra, IL",217-436-2492,,,,
Business,1,Agriculture,Medora FS,Rt. 1,"Medora, IL","Rt. 1 Medora, IL",618-729-4411,,,,
Business,1,Agriculture,Ennel Milling,415 E Main,Mt. Olive,415 E Main Mt. Olive,217-999-2161,,,,
Business,1,Agriculture,Pioneer Seed,5495 N. Fosterburg Rd.,"Shipman, IL","5495 N. Fosterburg Rd. Shipman, IL",618-836-7384,,,,
Business,1,Agriculture,Rhodes Family Farm,8863 Dustman Rd,"Worden, IL","8863 Dustman Rd Worden, IL",618-307-4989,,,,
Business,1,Agriculture,Shipman Elevator Co.,3620 Highway 16,"Shipman, IL","3620 Highway 16 Shipman, IL",618-836-5568,,,,
Business,1,Agriculture,Shipman Elevator Co.,,"Medora, IL"," Medora, IL",618-729-3228,,,,
Business,1,Agriculture,Soil Right Consulting,7033 Rt. 16,"Shipman, IL","7033 Rt. 16 Shipman, IL",618-836-5503,,,,
Business,1,Agriculture,"Wilson's Grain & Fertilizer, Inc.",P.O. Box 83,"Piasa, IL","P.O. Box 83 Piasa, IL",618-729-4221,,,,
Business,1,Attorney,Albert-Fritz Law Office,401 N Maple St,"Brighton, IL","401 N Maple St Brighton, IL",866-818-3840,,,,
Business,1,Attorney,Bill Nichelson,1330 N Springfield St,"Virden, IL","1330 N Springfield St Virden, IL",217-965-1400,,,,
Business,1,Attorney,Community Law Office,110 S Cleveland,"Farmersville, IL","110 S Cleveland Farmersville, IL",,,,,
Business,1,Attorney,"Denby, Meno, Bloomer & Denby",South East Side Square,"Carlinville, IL","South East Side Square Carlinville, IL",217-854-4761,,,,
Business,1,Attorney,"Denby, Meno, Bloomer & Denby",425 W Main,"Staunton, IL","425 W Main Staunton, IL",618-635-5250,,,,
Business,1,Attorney,McGrady Law Office,104 E Chestnut,"Gillespie, IL","104 E Chestnut Gillespie, IL",217-839-2129,,,,
Business,1,Attorney,Polo Law Office,207 N Macoupin,"Gillespie, IL","207 N Macoupin Gillespie, IL",217-839-2000,,,,
Business,1,Attorney,Verticchio & Verticchio Law Office,100 E Chestnut St,"Gillespie, IL","100 E Chestnut St Gillespie, IL",217-839-4411,,,,
Business,1,Attorney,"Bob Watson, Attorney at Law",115 N Washington,"Bunker Hill, IL","115 N Washington Bunker Hill, IL",618-372-8441,,,,
Business,1,Attorney,"Bob Watson, Attorney at Law",201 N. Main St.,"Brighton, IL","201 N. Main St. Brighton, IL",618-372-8441,,,,
Business,1,Attorney,Mary Albert,401 N Maple St,"Brighton, IL","401 N Maple St Brighton, IL",618-372-4111,,,,
Business,1,Auto Sales,Bates Motor Company,320 W Main St,"Carlinville, IL","320 W Main St Carlinville, IL",217-854-4567,,,,
Business,1,Auto Sales,Bruckert-Daley Inc,400 West Main,"Carlinville, IL","400 West Main Carlinville, IL",217-854-4711,,,,
Business,1,Auto Sales,Bruckert's Sales & Service,202 N Washington,"Bunker Hill, IL","202 N Washington Bunker Hill, IL",618-585-3501,,,,
Business,1,Auto Sales,Country Classic Cars,2149 E Frontage Rd,"Staunton, IL","2149 E Frontage Rd Staunton, IL",618-635-7056,,,,
Business,1,Auto Sales,CSC Motor Company,711 N 3rd St,"Girard, IL","711 N 3rd St Girard, IL",217-627-2007,,,,
Business,1,Auto Sales,Daley Bruckert,320 W Pearl,"Staunton, IL","320 W Pearl Staunton, IL",618-635-5202,,,,
Business,1,Auto Sales,"Drew Ford, Inc",PO Box 29,"Gillespie, IL","PO Box 29 Gillespie, IL",217-839-2145,,,,
Business,1,Auto Sales,Doc's Used Auto Sales,607 W Warren,"Bunker Hill, IL","607 W Warren Bunker Hill, IL",618-585-3700,,,,
Business,1,Auto Sales,Frank Long Auto Sales,1586 Fosterburg Rd.,"Brighton, IL","1586 Fosterburg Rd. Brighton, IL",618-372-8400,,,,
Business,1,Auto Sales,Jeep Niehaus & Sons,400 E Main,"Mt. Olive, IL","400 E Main Mt. Olive, IL",217-999-2151,,,,
Business,1,Auto Sales,Jim Long's Used Cycles & Cars,15207 State Highway 111,"Brighton, IL","15207 State Highway 111 Brighton, IL",618-372-7700,,,,
Business,1,Auto Sales,Kruse Enterprises,118 W South,"Girard, IL","118 W South Girard, IL",217-627-3056,,,,
Business,1,Auto Sales,Smoky Jennings Chevrolet Inc,152 N Main St,"Palmyra, IL","152 N Main St Palmyra, IL",217-436-2414,,,,
Business,1,Auto Sales,Sparky's Hotrods,34508 Gun Club Rd,"Brighton, IL","34508 Gun Club Rd Brighton, IL",618-372-0020,,,,
Business,1,Auto Body/Parts,Aljects Automotive,1355 S Hackman,"Staunton, IL","1355 S Hackman Staunton, IL",618-635-2576,,,,
Business,1,Auto Body/Parts,B & J Service Center Inc,14390 Shad Road,"Carlinville, IL","14390 Shad Road Carlinville, IL",217-854-5100,,,,
Business,1,Auto Body/Parts,Bonebrake Auto Electric,34347 David Lane,"Brighton, IL","34347 David Lane Brighton, IL",618-372-8891,,,,
Business,1,Auto Body/Parts,Brighton Auto Service,110 S. Market St.,"Brighton, IL","110 S. Market St. Brighton, IL",618-372-3002,,,,
Business,1,Auto Body/Parts,Bruckert's Sales & Service,202 N Washington,"Bunker Hill, IL","202 N Washington Bunker Hill, IL",618-585-3501,,,,
Business,1,Auto Body/Parts,Clean Reflections,216 S Sherman,"Girard, IL","216 S Sherman Girard, IL",217-827-3462,,,,
Business,1,Auto Body/Parts,Costello's Automotive Repair,207 Rice,"Carlinville, IL","207 Rice Carlinville, IL",217-854-8663,,,,
Business,1,Auto Body/Parts,Cowden Auto Body,1008 W Center St,"Girard, IL","1008 W Center St Girard, IL",217-627-2199,,,,
Business,1,Auto Body/Parts,"D & A Corvette, Inc",2340 Staunton Rd,"Gillespie, IL","2340 Staunton Rd Gillespie, IL",217-839-3207,,,,
Business,1,Auto Body/Parts,D & D Service Center,224 W Center,"Girard, IL","224 W Center Girard, IL",217-627-3201,,,,
Business,1,Auto Body/Parts,Eric's Automotive Service,202 W Main,"Mt. Olive, IL","202 W Main Mt. Olive, IL",217-999-4664,,,,
Business,1,Auto Body/Parts,J & S Tire,,"Plainview, IL"," Plainview, IL",618-836-7768 or 372-7700,,,,
Business,1,Auto Body/Parts,H & H Auto Service,P. O. Box 226,"Medora, IL","P. O. Box 226 Medora, IL",618-729-3200,,,,
Business,1,Auto Body/Parts,Gateway Tire & Wheel,101 1st St.,"Shipman, IL","101 1st St. Shipman, IL",618-836-7544,,,,
Business,1,Auto Body/Parts,Goodyear - PJ's Tire and Service Center,705 West Main,"Carlinville, IL","705 West Main Carlinville, IL",217-854-4437,,,,
Business,1,Auto Body/Parts,Mt. Olive Auto Body,225 W Main,"Mt. Olive, IL","225 W Main Mt. Olive, IL",217-999-3151,,,,
Business,1,Auto Body/Parts,Meierotto Automotive,1008 N. Main St.,"Brighton, IL","1008 N. Main St. Brighton, IL",618-372-4301,,,,
Business,1,Auto Body/Parts,Mullins Auto Parts & Salvage,Old Rt 66,"Mt. Olive, IL","Old Rt 66 Mt. Olive, IL",217-999-2030,,,,
Business,1,Auto Body/Parts,Napa/McKay Auto Parts,201 E Main St,"Staunton, IL","201 E Main St Staunton, IL",618-635-5120,,,,
Business,1,Auto Body/Parts,Pat's Auto Body,1 Tiffany Lane,"Brighton, IL","1 Tiffany Lane Brighton, IL",618-372-3187,,,,
Business,1,Auto Body/Parts,Quality Motors,1301 Staunton Rd,"Gillespie, IL","1301 Staunton Rd Gillespie, IL",217-839-3332,,,,
Business,1,Auto Body/Parts,Rapid Randy's,628 S Springfield St,"Virden, IL","628 S Springfield St Virden, IL",217-965-4050,,,,
Business,1,Auto Body/Parts,Shipman Marathon,Hwy 16,"Shipman, IL","Hwy 16 Shipman, IL",618-836-7330,,,,
Business,1,Auto Body/Parts,Specialty Transmission,16415 State Highway 111,"Brighton, IL","16415 State Highway 111 Brighton, IL",618-372-8161,,,,
Business,1,Auto Body/Parts,Total Mechanical Servies,6519 New Reservoir Rd,"Mt. Olive, IL","6519 New Reservoir Rd Mt. Olive, IL",217-999-4880,,,,
Business,1,Auto Body/Parts,Waymor Power Service & Sales for Alco Diesel Engines,8334 Piasa Rd.,"Piasa, IL","8334 Piasa Rd. Piasa, IL",,,,,
Business,1,Banks/Financial Services,1st Bancfinacial,PO Box 90,"Staunton, IL","PO Box 90 Staunton, IL",618-635-2234,,,,
Business,1,Banks/Financial Services,"Ahlemeyer, Walter S. - Bonds",309 S Maple St,"Brighton, IL","309 S Maple St Brighton, IL",618-372-3821,,,,
Business,1,Banks/Financial Services,Bank & Trust,900 West Main,"Carlinville, IL","900 West Main Carlinville, IL",217-854-3554,,,,
Business,1,Banks/Financial Services,Bank of Modesto,201 E State Street,"Modesto, IL","201 E State Street Modesto, IL",217-439-7267,,,,
Business,1,Banks/Financial Services,Bank of Palmyra,332 N Main Street,"Palymyra, IL","332 N Main Street Palymyra, IL",217-436-2411,,,,
Business,1,Banks/Financial Services,Carlinville National Bank,West Side Square,"Carlinville, IL","West Side Square Carlinville, IL",217-854-2674,,,,
Business,1,Banks/Financial Services,Citizens National Bank,404 North Broad,"Carlinville, IL","404 North Broad Carlinville, IL",217-854-9347,,,,
Business,1,Banks/Financial Services,Citizens State Bank,202 N Maple St,"Brighton, IL","202 N Maple St Brighton, IL",618-372-3760,,,,
Business,1,Banks/Financial Services,Citizens State Bank,111 Keating Street,"Shipman, IL","111 Keating Street Shipman, IL",618-836-5571,,,,
Business,1,Banks/Financial Services,Credit Bureau of Macoupin County,508 North Side Square,"Carlinville, IL","508 North Side Square Carlinville, IL",217-854-3228,,,,
Business,1,Banks/Financial Services,Farmers State Bank,106 E. Washington,"Medora, IL","106 E. Washington Medora, IL",618-729-3241,,,,
Business,1,Banks/Financial Services,First Bank,200 N Main St,"Brighton, IL","200 N Main St Brighton, IL",618-372-2020,,,,
Business,1,Banks/Financial Services,First Community State Bank,417 W North,"Staunton, IL","417 W North Staunton, IL",618-635-5100,,,,
Business,1,Banks/Financial Services,First Midwest Savings,100 N Dye St,"Virden, IL","100 N Dye St Virden, IL",217-965-4968,,,,
Business,1,Banks/Financial Services,First National Bank,218 E Central,"Benld, IL","218 E Central Benld, IL",217-835-4384,,,,
Business,1,Banks/Financial Services,First National Bank,801 W Main,"Mt. Olive, IL","801 W Main Mt. Olive, IL",217-999-2265,,,,
Business,1,Banks/Financial Services,First National Bank,115 S Elm St,"Staunton, IL","115 S Elm St Staunton, IL",618-635-2234,,,,
Business,1,Banks/Financial Services,First National Bank,103 S Springfield St,"Virden, IL","103 S Springfield St Virden, IL",217-965-3344,,,,
Business,1,Banks/Financial Services,First National Bank,625 N 3rd St,"Girard, IL","625 N 3rd St Girard, IL",217-627-2112,,,,
Business,1,Banks/Financial Services,Eagle One Investments LLC,450 West Side Sqare,"Carlinville, IL","450 West Side Sqare Carlinville, IL",217-854-2525,,,,
Business,1,Banks/Financial Services,Edward Jones,126 South Broad,"Carlinville, IL","126 South Broad Carlinville, IL",217-854-4405,,,,
Business,1,Banks/Financial Services,Edward Jones,128 East Side Square,"Carlinville, IL","128 East Side Square Carlinville, IL",217-854-8068,,,,
Business,1,Banks/Financial Services,Edward Jones,309 S Maple Suite C,"Brighton, IL","309 S Maple Suite C Brighton, IL",618-372-4995,,,,
Business,1,Banks/Financial Services,Investment Centers of America,201 E Jackson St,"Virden, IL","201 E Jackson St Virden, IL",217-965-5796,,,,
Business,1,Banks/Financial Services,Investment Planners,22775 Dodge Road,"Carlinville, IL","22775 Dodge Road Carlinville, IL",217-854-4191,,,,
Business,1,Banks/Financial Services,Prairie State Bank & Trust,201 E Jackson St,"Virden, IL","201 E Jackson St Virden, IL",217-965-5496,,,,
Business,1,Banks/Financial Services,Prairie State Bank & Trust,402 N Third St,"Girard, IL","402 N Third St Girard, IL",217-627-2186,,,,
Business,1,Banks/Financial Services,"Summit Brokerage Services, Inc",111 E Jackson St,"Virden, IL","111 E Jackson St Virden, IL",217-965-3300,,,,
Business,1,Banks/Financial Services,United Community Bank,719 S Washington,"Bunker Hill, IL","719 S Washington Bunker Hill, IL",618-585-3691,,,,
Business,1,Banks/Financial Services,United Community Bank,303 N Broad St,"Carlinville, IL","303 N Broad St Carlinville, IL",217-854-4755,,,,
Business,1,Banks/Financial Services,United Community Bank,104 N Macoupin St,"Gillespie, IL","104 N Macoupin St Gillespie, IL",217-839-2141,,,,
Business,1,Banks/Financial Services,US Bank,240 Main St,"Carlinville, IL","240 Main St Carlinville, IL",217-854-3151,,,,
Business,1,Communication,Accunet,East Side Square,"Carlinville, IL","East Side Square Carlinville, IL",217-854-4458,,,,
Business,1,Communication,Community Directories,PO Box 278,"Litchfield, IL","PO Box 278 Litchfield, IL",217-324-2950,,,,
Business,1,Communication,Connexus Inc,PO Box 78819,"St. Louis, MO","PO Box 78819 St. Louis, MO",618-585-6640,,,,
Business,1,Communication,Frontier Comm Solutions,225 N Broad,"Carlinville, IL","225 N Broad Carlinville, IL",800-921-8101,,,,
Business,1,Communication,Frontier Comm Solutions,117 W Jefferson St,"Gillespie, IL","117 W Jefferson St Gillespie, IL",800-921-8101,,,,
Business,1,Communication,"Jets Computing, Inc",200 S Brighton,"Bunker Hill, IL","200 S Brighton Bunker Hill, IL",618-585-6676,,,,
Business,1,Communication,Madison Communications,21668 Double Arch Rd,"Staunton, IL","21668 Double Arch Rd Staunton, IL",618-635-5000,,,,
Business,1,Communication,New Wave Communications,1176 E 1500 N Rd,"Taylorville, IL","1176 E 1500 N Rd Taylorville, IL",618-339-1561,,,,
Business,1,Communication,Royell Communications,427 W Dean St,"Virden, IL","427 W Dean St Virden, IL",217-965-3699,,,,
Business,1,Construction,Adkins Construction Company,227 East 1st South St,"Carlinville, IL","227 East 1st South St Carlinville, IL",217-854-8901,,,,
Business,1,Construction,"America's Best Sewer & Drain, Inc.",38 Islander Dr,"Brighton, IL","38 Islander Dr Brighton, IL",618-372-3454,,,,
Business,1,Construction,B & C Construction,213 South St,"Brighton, IL","213 South St Brighton, IL",618-372-8214,,,,
Business,1,Construction,"B & G Builders, In",116 W Henry,"Staunton, IL","116 W Henry Staunton, IL",618-635-8554,,,,
Business,1,Construction,Bauser Construction,185 West City Limits Rd,"Brighton, IL","185 West City Limits Rd Brighton, IL",618-372-8637,,,,
Business,1,Construction,Benz Backhoe Service,115 S. Main St.,"Brighton, IL","115 S. Main St. Brighton, IL",618-372-8509,,,,
Business,1,Construction,Better Way Builders of Central Illinois,908 N Main St.,"Brighton, IL","908 N Main St. Brighton, IL",618-372-3121,,,,
Business,1,Construction,Bob Sons Construction,15154 Coultas Dr,"Girard, IL","15154 Coultas Dr Girard, IL",217-627-3560,,,,
Business,1,Construction,Burns Excavating & Concrete Construction Inc.,9401 Burns Rd.,"Plainview, IL","9401 Burns Rd. Plainview, IL",618-836-5973,,,,
Business,1,Construction,Calcott Roofing,106 Second Ave,"Edwardsville, IL","106 Second Ave Edwardsville, IL",,,,,
Business,1,Construction,Carlinville Truck Equipment,1900 North University,"Carlinville, IL","1900 North University Carlinville, IL",217-84-6706,,,,
Business,1,Construction,Cassens Transport,101 S Edwardsville St,"Staunton, IL","101 S Edwardsville St Staunton, IL",618-635-3589,,,,
Business,1,Construction,Central Equipment Sales & Service,21639 Route 4,"Carlinville, IL","21639 Route 4 Carlinville, IL",217-854-4454,,,,
Business,1,Construction,Circle T Steel,Hwy 111 North,"Brighton, IL","Hwy 111 North Brighton, IL",618-729-3218,,,,
Business,1,Construction,"Curtis, Aaron Excavating Contractor",Blueridge Rd,"Brighton, IL","Blueridge Rd Brighton, IL",618-372-3738,,,,
Business,1,Construction,Darr General Construction,RR 1,"Medora, IL","RR 1 Medora, IL",618-729-4391,,,,
Business,1,Construction,Delaurent Construction,PO Box 8,"Wilsonville, IL","PO Box 8 Wilsonville, IL",217-835-4861,,,,
Business,1,Construction,Del's Construction,16201 State Highway 111,"Brighton, IL","16201 State Highway 111 Brighton, IL",618-372-8808,,,,
Business,1,Construction,Delps's Home Service,2334 Blue Ridge Rd,"Brighton, IL","2334 Blue Ridge Rd Brighton, IL",618-372-7030,,,,
Business,1,Construction,Dobrinich Brick Contracting,508 4th Street,"Mt. Olive, IL","508 4th Street Mt. Olive, IL",217-999-7035,,,,
Business,1,Construction,"Ebbler, Jeff Construction",715 Voorhees Ln,"Brighton, IL","715 Voorhees Ln Brighton, IL",618-372-3600,,,,
Business,1,Construction,Eliot Gray Construction,P.O. BOX 591,"Brighton, IL","P.O. BOX 591 Brighton, IL",618-372-8781,,,,
Business,1,Construction,The Garden Gate,"Rt. 1, Box 159","Medora, IL","Rt. 1, Box 159 Medora, IL",618-729-4101,,,,
Business,1,Construction,Garretson Lumber Inc,244 N Dye St,"Virden, IL","244 N Dye St Virden, IL",217-965-4019,,,,
Business,1,Construction,Gary Contracting,"Rt. 2, Box 161","Brighton, IL","Rt. 2, Box 161 Brighton, IL",618-372-3621,,,,
Business,1,Construction,H & H Construction Services Inc,201 McCasland,"Carlinville, IL","201 McCasland Carlinville, IL",217-854-3133,,,,
Business,1,Construction,Harry Oertel Excavating,702 S. Maple St.,"Brighton, IL","702 S. Maple St. Brighton, IL",618-372-8304,,,,
Business,1,Construction,K & W Glass Company,130 N Dye St,"Virden, IL","130 N Dye St Virden, IL",217-965-4704,,,,
Business,1,Construction,KML Architectural Concrete,227 North 6th Street,"Girard, IL","227 North 6th Street Girard, IL",217-627-9011,,,,
Business,1,Construction,Kroeschel Excavating,1239 Illinois 16,"Piasa, IL","1239 Illinois 16 Piasa, IL",618-729-4357,,,,
Business,1,Construction,L & T Construction,306 N Main St,"Brighton, IL","306 N Main St Brighton, IL",618-466-8578,,,,
Business,1,Construction,Land Construction,207 W 2nd South,"Mt. Olive, IL","207 W 2nd South Mt. Olive, IL",217-999-2464,,,,
Business,1,Construction,LS Waterproofing,,"Brighton, IL"," Brighton, IL",618-372-3932,,,,
Business,1,Construction,MC Viehweg-Builder & Craftsman,1182 Timer Ridge Tr,"Mt. Olive, IL","1182 Timer Ridge Tr Mt. Olive, IL",217-999-6188,,,,
Business,1,Construction,"Meade, Virgil Concrete Construction",31552 Red Oak Dr,"Brighton, IL","31552 Red Oak Dr Brighton, IL",618-372-4450,,,,
Business,1,Construction,Midwest Basement Technologies,Ransom St,"Brighton, IL","Ransom St Brighton, IL",618-372-7077,,,,
Business,1,Construction,Moore Excavation & Concrete,20455 Oak Rest Rd,"Brighton, IL","20455 Oak Rest Rd Brighton, IL",618-372-4295,,,,
Business,1,Construction,Niccol Development,319 N Macoupin,"Gillespie, IL","319 N Macoupin Gillespie, IL",217-839-3224,,,,
Business,1,Construction,Piasa Window & Door,6342 Rt. 111,"Piasa, IL","6342 Rt. 111 Piasa, IL",618-729-3877,,,,
Business,1,Construction,Prose Drainage,30580 Henry Rd,"Girard, IL","30580 Henry Rd Girard, IL",217-627-2248,,,,
Business,1,Construction,Ranger & Sons,10763 Rt 4,"Gillespie, IL","10763 Rt 4 Gillespie, IL",217-839-2494,,,,
Business,1,Construction,"RP Lumber Co, Inc",424 W Henry St,"Staunton, IL","424 W Henry St Staunton, IL",618-635-2571,,,,
Business,1,Construction,Schien Equipment Inc,14833 Moore Cemetery Road,"Carlinville, IL","14833 Moore Cemetery Road Carlinville, IL",217-854-2513,,,,
Business,1,Construction,Sievers Equipment,14464 Shad Rd,"Carlinville, IL","14464 Shad Rd Carlinville, IL",217-854-2135,,,,
Business,1,Construction,Spark's Concrete Construction,16564 Oak Bridge Rd,"Brighton, IL","16564 Oak Bridge Rd Brighton, IL",618-372-8007,,,,
Business,1,Construction,Steve Reed Construction,616 Reed's Lane,"Shipman, IL","616 Reed's Lane Shipman, IL",618-836-7487,,,,
Business,1,Construction,Stotler Fence Company,"Rt. 1, Box 114EE","Brighton, IL","Rt. 1, Box 114EE Brighton, IL",618-372-4244,,,,
Business,1,Construction,"Tri-County Masonry, Inc",4595 Brighton/Bunker Hill Rd,"Brighton, IL","4595 Brighton/Bunker Hill Rd Brighton, IL",618-372-7062,,,,
Business,1,Construction,Tri-Zo Construction,602 N Main St,"Brighton, IL","602 N Main St Brighton, IL",618-372-3300,,,,
Business,1,Construction,Truss Slater,700 S Springfield St,"Virden, IL","700 S Springfield St Virden, IL",217-965-4911,,,,
Business,1,Construction,TwinnCo Excavating,320 S Macoupin,"Gillespie, IL","320 S Macoupin Gillespie, IL",217-839-2272,,,,
Business,1,Construction,United Contractors,,, ,618-372-4230,,,,
Business,1,Construction,Walker's Sandblasting & Painting,1066 W South,"Girard, IL","1066 W South Girard, IL",217-627-3146,,,,
Business,1,Construction,Wagner Construction,2684 Cambridge Rd.,"Brighton, IL","2684 Cambridge Rd. Brighton, IL",618-372-4219,,,,
Business,1,Construction,Wirth Professional Services,119 Madison St,"Gillespie, IL","119 Madison St Gillespie, IL",217-839-4798,,,,
Business,1,Dentist,"Bethel Buerk, DMD",140 E Dean St,"Virden, IL","140 E Dean St Virden, IL",217-965-3032,,,,
Business,1,Dentist,"John B Caldieraro III, DMD, PC",216 W Pennsylvania,"Staunton, IL","216 W Pennsylvania Staunton, IL",618-635-8333,,,,
Business,1,Dentist,"Robert T Cassens, DMD",155 N Springfield St,"Virden, IL","155 N Springfield St Virden, IL",217-965-5631,,,,
Business,1,Dentist,Smiles Plus Dental Care,"709 Staunton, IL","Gillespie, IL","709 Staunton, IL Gillespie, IL",217-839-2135,,,,
Business,1,Dentist,Staunton Family Dentist,109 W Main St,"Staunton, IL","109 W Main St Staunton, IL",618-635-2280,,,,
Business,1,Dentist,William Dondanville DMD,501 N Main St,"Brighton, IL","501 N Main St Brighton, IL",618-372-8422,,,,
Business,1,Education,Blackburn College,700 College Ave,"Carlinville, IL","700 College Ave Carlinville, IL",217-854-3231,,,,
Business,1,Education,Bunker Hill CUSD #8,701 W Brookline St,"Bunker Hill, IL","701 W Brookline St Bunker Hill, IL",618-585-3116,,,,
Business,1,Education,Carlinville CUSD #1,18456 Shipman Rd,"Carlinville, IL","18456 Shipman Rd Carlinville, IL",217-854-9823,,,,
Business,1,Education,Lewis and Clark Community College,18400 Shipman Rd,"Carlinville, IL","18400 Shipman Rd Carlinville, IL",217-854-5400,,,,
Business,1,Electrical/Heating/Cooling,"Advanced Heating, Cooling & Refrigeration",309 S Maple,"Brighton, IL","309 S Maple Brighton, IL",618-372-8955,,,,
Business,1,Electrical/Heating/Cooling,Agers Heating & Cooling,714 W Main Street,"Mt. Olive, IL","714 W Main Street Mt. Olive, IL",217-999-2071,,,,
Business,1,Electrical/Heating/Cooling,All Electric,120 E Mound,"Girard, IL","120 E Mound Girard, IL",217-627-3898,,,,
Business,1,Electrical/Heating/Cooling,All Type Heating & Cooling,708 S. Maple St.,"Brighton, IL","708 S. Maple St. Brighton, IL",618-372-3946,,,,
Business,1,Electrical/Heating/Cooling,Burgess & Son,702 N 3rd St,"Girard, IL","702 N 3rd St Girard, IL",217-627-2665,,,,
Business,1,Electrical/Heating/Cooling,Coonrod Electric Inc,18512 Shipman Rd,"Carlinville, IL","18512 Shipman Rd Carlinville, IL",217-854-8879,,,,
Business,1,Electrical/Heating/Cooling,"Dale Plumbing, Heating & Cooling",4898 Wildwood Ln,"Brighton, IL","4898 Wildwood Ln Brighton, IL",618-372-7116,,,,
Business,1,Electrical/Heating/Cooling,Dan Walk Electric,30980 Walk Rd,"Girard, IL","30980 Walk Rd Girard, IL",217-627-2719,,,,
Business,1,Electrical/Heating/Cooling,Delp's Mobile Home Heating & Cooling,,"Brighton, IL"," Brighton, IL",618-372-8375,,,,
Business,1,Electrical/Heating/Cooling,Den-Son Cooling & Heating,107 E Center St,"Brighton, IL","107 E Center St Brighton, IL",618-372-8375,,,,
Business,1,Electrical/Heating/Cooling,Griffith Plumbing and Heating Inc,770 West Main,"Carlinville, IL","770 West Main Carlinville, IL",217-854-7216,,,,
Business,1,Electrical/Heating/Cooling,Heating and Cooling: george Puskar,414 S. Hwy 67 P.O. box 164,"Medora, IL","414 S. Hwy 67 P.O. box 164 Medora, IL",618-729-4451,,,,
Business,1,Electrical/Heating/Cooling,Jackson Heating & Cooling,3142 Blueridge Rd,"Brighton, IL","3142 Blueridge Rd Brighton, IL",618-372-3444,,,,
Business,1,Electrical/Heating/Cooling,Kuethe Corporation,104 E. Center St.,"Brighton, IL","104 E. Center St. Brighton, IL",618-372-3728,,,,
Business,1,Electrical/Heating/Cooling,LeMarr Plumbing,31134 Terry Park Rd,"Palmyra, IL","31134 Terry Park Rd Palmyra, IL",217-854-7933,,,,
Business,1,Electrical/Heating/Cooling,LeVora Electric,716 North East Street,"Carlinville, IL","716 North East Street Carlinville, IL",217-854-8113,,,,
Business,1,Electrical/Heating/Cooling,Lewis Electric Inc,1204 W Dean St,"Virden, IL","1204 W Dean St Virden, IL",217-965-5095,,,,
Business,1,Electrical/Heating/Cooling,"Milcic Plumbing, Heating & AC",603 E Main,"Mt. Olive, IL","603 E Main Mt. Olive, IL",217-999-7011,,,,
Business,1,Electrical/Heating/Cooling,MJM Electric Coop.,264 NE,"Carlinville, IL","264 NE Carlinville, IL",217-854-3137,,,,
Business,1,Electrical/Heating/Cooling,"Nowell's Heating, Air Conditioning, Refrigeration",145 Saint John's St,"Mt. Olive, IL","145 Saint John's St Mt. Olive, IL",217-999-7019,,,,
Business,1,Electrical/Heating/Cooling,Plumbing Outfitter,"RR. 2, Box 167C","Brighton, IL","RR. 2, Box 167C Brighton, IL",618-372-7637,,,,
Business,1,Electrical/Heating/Cooling,"Puskar Plumbing, Heating & Air Conditioning","322 Hwy 111, P.O. Box 176","Medora, IL","322 Hwy 111, P.O. Box 176 Medora, IL",618-729-4451,,,,
Business,1,Electrical/Heating/Cooling,Quality Air Heating & Cooling,468 E 2nd St,"Shipman, IL","468 E 2nd St Shipman, IL",618-836-5556,,,,
Business,1,Electrical/Heating/Cooling,Reid's Service,9945 Farley Lane,"Gillespie, IL","9945 Farley Lane Gillespie, IL",618-362-6566,,,,
Business,1,Electrical/Heating/Cooling,Short Climate Control,"Rt. 2, Box 216","Brighton, IL","Rt. 2, Box 216 Brighton, IL",618-372-3142,,,,
Business,1,Electrical/Heating/Cooling,Turney's Heating/Cooling,102 N Washington,"Bunker Hill, IL","102 N Washington Bunker Hill, IL",618-585-4748,,,,
Business,1,Electrical/Heating/Cooling,Snell Enterprises Inc,617 S Springfield St,"Virden, IL","617 S Springfield St Virden, IL",217-965-3911,,,,
Business,1,Electrical/Heating/Cooling,Weishaupt Brothers,7066 Detour Rd,"Bunker Hill, IL","7066 Detour Rd Bunker Hill, IL",618-210-7256,,,,
Business,1,Entertainment/Recreation,Blackburn College,700 College Ave,"Carlinville, IL","700 College Ave Carlinville, IL",217-854-3231,,,,
Business,1,Entertainment/Recreation,Bunker Hill Chamber of Commerce,200 S Brighton St,"Bunker Hill, IL","200 S Brighton St Bunker Hill, IL",618-585-6676,,,,
Business,1,Entertainment/Recreation,Bunker Hill Public Library,220 E Warren St,"Bunker Hill, IL","220 E Warren St Bunker Hill, IL",618-585-4736,,,,
Business,1,Entertainment/Recreation,Canna Theatre,101 E Chestnut,"Gillespie, IL","101 E Chestnut Gillespie, IL",217-839-2222,,,,
Business,1,Entertainment/Recreation,Carlinville Christmas Market,505 North Broad,"Carlinville, IL","505 North Broad Carlinville, IL",217-854-3552,,,,
Business,1,Entertainment/Recreation,Carlinville Historical Society,920 West Breckenridge,"Carlinville, IL","920 West Breckenridge Carlinville, IL",217-854-2850,,,,
Business,1,Entertainment/Recreation,Carlinville Library,510 North Broad,"Carlinville, IL","510 North Broad Carlinville, IL",217-854-3505,,,,
Business,1,Entertainment/Recreation,Carlinville Chamber of Commerce,112 East Side Square,"Carlinville, IL","112 East Side Square Carlinville, IL",217-854-2141,,,,
Business,1,Entertainment/Recreation,Coal Country Chamber of Commerce,213 S Macoupin St,"Gillespie, IL","213 S Macoupin St Gillespie, IL",217-839-4888,,,,
Business,1,Entertainment/Recreation,Breaver Dam State Park,14548 Beaver Dam Lane,"Plainview, IL","14548 Beaver Dam Lane Plainview, IL",217-854-8020,,,,
Business,1,Entertainment/Recreation,"Brighton BMX, Inc",414 N Maple,"Brighton, IL","414 N Maple Brighton, IL",618-372-7223,,,,
Business,1,Entertainment/Recreation,Fisherman's Gunshop,147 S 2nd St,"Girard, IL","147 S 2nd St Girard, IL",217-627-2116,,,,
Business,1,Entertainment/Recreation,Frank Bertetti Public Library,308 E Central Ave,"Benld, IL","308 E Central Ave Benld, IL",217-835-4045,,,,
Business,1,Entertainment/Recreation,Girard Chamber of Commerce,PO Box 92,"Girard, IL","PO Box 92 Girard, IL",217-6273512,,,,
Business,1,Entertainment/Recreation,Graham Outdoor Adventures,17373 Prairie Lawn Road,"Carlinville, IL","17373 Prairie Lawn Road Carlinville, IL",217-854-9394,,,,
Business,1,Entertainment/Recreation,J & L Brighton Vineyard,1015 Woodburn Rd.,"Brighton, IL","1015 Woodburn Rd. Brighton, IL",618-278-4707,,,,
Business,1,Entertainment/Recreation,Lake Williamson Retreat Center,Highway 4 South,"Carlinville, IL","Highway 4 South Carlinville, IL",217-854-4820,,,,
Business,1,Entertainment/Recreation,Oak Leaf Country Club,18698 Country Club Rd,"Girard, IL","18698 Country Club Rd Girard, IL",217-627-3015,,,,
Business,1,Entertainment/Recreation,Our Town Hospitality Service,West Side Square,"Carlinville, IL","West Side Square Carlinville, IL",217-854-2674,,,,
Business,1,Entertainment/Recreation,Plainview Vineyard,10456 2nd Rd.,"Plainview, IL","10456 2nd Rd. Plainview, IL",217-883-8221,,,,
Business,1,Entertainment/Recreation,Rhodes Family Farm,8863 Dustman Rd,"Worden, IL","8863 Dustman Rd Worden, IL",618-307-4989,,,,
Business,1,Entertainment/Recreation,Showtime Lanes Inc,1515 N Springfield St,"Virden, IL","1515 N Springfield St Virden, IL",217-965-5521,,,,
Business,1,Entertainment/Recreation,Sluggers Baseball Training Facility,101 First St.,"Shipman, IL","101 First St. Shipman, IL",618-836-7110,,,,
Business,1,Entertainment/Recreation,Staunton Chamber of Commerce,PO Box 248,"Staunton, IL","PO Box 248 Staunton, IL",618-635-8356,,,,
Business,1,Entertainment/Recreation,Staunton Country Club,3283 S Country Club Lane,"Staunton, IL","3283 S Country Club Lane Staunton, IL",618-635-2430,,,,
Business,1,Entertainment/Recreation,Staunton Farmer's Market,PO Box 239,"Staunton, IL","PO Box 239 Staunton, IL",618-978-6664,,,,
Business,1,Entertainment/Recreation,Superbowl Center,815 W Broadway,"Gillespie, IL","815 W Broadway Gillespie, IL",217-839-2174,,,,
Business,1,Entertainment/Recreation,Terry Park Golf Course,30565 Terry Park Rd,"Palmyra, IL","30565 Terry Park Rd Palmyra, IL",217-436-2531,,,,
Business,1,Entertainment/Recreation,"Treehouse Wildlife Center, Inc",1825 Fosterburg Rd,"Brighton, IL","1825 Fosterburg Rd Brighton, IL",618-372-8092,,,,
Business,1,Entertainment/Recreation,Virden Area Association of Commerce,Po Box 252,"Virden, IL","Po Box 252 Virden, IL",217-965-4747,,,,
Business,1,Fitness,Ageless Fitness Center,103 Jersey St,"Gillespie, IL","103 Jersey St Gillespie, IL",217-839-2484,,,,
Business,1,Fitness,Fit Club Carlinville,935 Morgan,"Carlinville, IL","935 Morgan Carlinville, IL",217-854-2000,,,,
Business,1,Fitness,Mt. Olive Gymnastic,307 W 2nd South,"Mt. Olive, IL","307 W 2nd South Mt. Olive, IL",217-999-3701,,,,
Business,1,Florist,Accents Florist & Gifts,222 S Macoupin,"Gillespie, IL","222 S Macoupin Gillespie, IL",217-839-2166,,,,
Business,1,Florist,Bloomin' Fields Greenhouse,34503 Miles Station Road,"Brighton, IL","34503 Miles Station Road Brighton, IL",618-372-4522,,,,
Business,1,Florist,Brad's Brighton Floral,102 N Main St,"Brighton, IL","102 N Main St Brighton, IL",618-372-3332,,,,
Business,1,Florist,Brick House Florist,100 W Main Suite B,"Staunton, IL","100 W Main Suite B Staunton, IL",618-635-3716,,,,
Business,1,Florist,Brighton Floral,102 N. Main St.,"Brighton, IL","102 N. Main St. Brighton, IL",618-372-3332,,,,
Business,1,Florist,Dee Dee's Designs,103 N Macoupin,"Gillespie, IL","103 N Macoupin Gillespie, IL",217-839-2169,,,,
Business,1,Florist,Main Street Florist,240 E Side Square,"Carlinville, IL","240 E Side Square Carlinville, IL",217-854-8224,,,,
Business,1,Florist,Ruyle's Countryside Nursery & Flowers,1077 Hwy. 111,"Medora, IL","1077 Hwy. 111 Medora, IL",618-729-3889,,,,
Business,1,Funeral Homes,Becker & Son Funeral Home,221 S Poplar,"Mt. Olive, IL","221 S Poplar Mt. Olive, IL",217-999-3821,,,,
Business,1,Funeral Homes,Calvert & Ferry Funeral Home,521 N Springfield St,"Virden, IL","521 N Springfield St Virden, IL",217-965-3321,,,,
Business,1,Funeral Homes,Davis-Anderson Funeral Homes,260 Woodlawn Drive,"Carlinville, IL","260 Woodlawn Drive Carlinville, IL",217-854-3161,,,,
Business,1,Funeral Homes,Davis-Anderson Funeral Homes,226 N 3rd St,"Girard, IL","226 N 3rd St Girard, IL",217-627-2126,,,,
Business,1,Funeral Homes,Kravanya Funeral Home,875 S Washington,"Bunker Hill, IL","875 S Washington Bunker Hill, IL",618-585-3266,,,,
Business,1,Funeral Homes,Kravanya Funeral Home,203 E Elm St,"Gillespie, IL","203 E Elm St Gillespie, IL",217-839-2154,,,,
Business,1,Funeral Homes,"Targhetta & wooldridge Funeral Homes, Inc",501 W Center St,"Brighton, IL","501 W Center St Brighton, IL",618-372-3712,,,,
Business,1,Funeral Homes,Star Memorial Pet Cemetery & Crematory,2400 Owens Ln,"Brighton, IL","2400 Owens Ln Brighton, IL",618-372-3433,,,,
Business,1,Funeral Homes,"Williamson Funeral Homes, Inc.",108 W Henry St,"Staunton, IL","108 W Henry St Staunton, IL",618-635-2442,,,,
Business,1,Furniture/Appliances,Furniture Doctor,145 S 2nd St,"Girard, IL","145 S 2nd St Girard, IL",217-627-3401,,,,
Business,1,Furniture/Appliances,Heinz Funiture & Floor Covering,208 West Main,"Carlinville, IL","208 West Main Carlinville, IL",217-854-3184,,,,
Business,1,Furniture/Appliances,Hendrick's Home Furnishings,217 N Springfield St,"Virden, IL","217 N Springfield St Virden, IL",217-965-3337,,,,
Business,1,Furniture/Appliances,Hendrick's Outlet Furniture,145 N Springfield St,"Virden, IL","145 N Springfield St Virden, IL",217-965-3331,,,,
Business,1,Furniture/Appliances,Hick's Maytag,118 S Macoupin,"Gillespie, IL","118 S Macoupin Gillespie, IL",217-839-3167,,,,
Business,1,Furniture/Appliances,Russell Furniture Co Inc,222 W Main St,"Staunton, IL","222 W Main St Staunton, IL",618-635-5200,,,,
Business,1,Gas Stations/Convenience Stores,Bent-E Gas,543 West Main,"Carlinville, IL","543 West Main Carlinville, IL",217-854-3464,,,,
Business,1,Gas Stations/Convenience Stores,Brighton Shell,102 N Maple St,"Brighton, IL","102 N Maple St Brighton, IL",618-372-4163,,,,
Business,1,Gas Stations/Convenience Stores,Bunker Hill Fast Stop,702 S Washington,"Bunker Hill, IL","702 S Washington Bunker Hill, IL",618-585-4514,,,,
Business,1,Gas Stations/Convenience Stores,Casey's General Store,510 E Central,"Benld, IL","510 E Central Benld, IL",217-835-7355,,,,
Business,1,Gas Stations/Convenience Stores,Casey's General Store,115 S Maple St,"Brighton, IL","115 S Maple St Brighton, IL",618-372-3171,,,,
Business,1,Gas Stations/Convenience Stores,Casey's General Store,425 East Main,"Carlinville, IL","425 East Main Carlinville, IL",217854-9024,,,,
Business,1,Gas Stations/Convenience Stores,Casey's General Store,305 S Macoupin,"Gillespie, IL","305 S Macoupin Gillespie, IL",217-839-9902,,,,
Business,1,Gas Stations/Convenience Stores,Casey's General Store,417 Bunker Hill Rd,"Staunton, IL","417 Bunker Hill Rd Staunton, IL",618-635-4845,,,,
Business,1,Gas Stations/Convenience Stores,Casey's General Store,735 E Macoupin St,"Staunton, IL","735 E Macoupin St Staunton, IL",618-635-8288,,,,
Business,1,Gas Stations/Convenience Stores,Darr's Pit Stop,10974 Hwy 111,"Medora, IL","10974 Hwy 111 Medora, IL",618-729-4334,,,,
Business,1,Gas Stations/Convenience Stores,Fanco Gas & Convenience Store,110 N Walnut St,"Mt. Olive, IL","110 N Walnut St Mt. Olive, IL",217-999-3898,,,,
Business,1,Gas Stations/Convenience Stores,Frank's Son Station,81 Wilson Ave,"Wilsonville, IL","81 Wilson Ave Wilsonville, IL",217-835-7795,,,,
Business,1,Gas Stations/Convenience Stores,Gillespie Shell Food Mart,400 S Macoupin,"Gillespie, IL","400 S Macoupin Gillespie, IL",217-839-2414,,,,
Business,1,Gas Stations/Convenience Stores,Girard Shell Food Mart,105 S 3rd St,"Girard, IL","105 S 3rd St Girard, IL",,,,,
Business,1,Gas Stations/Convenience Stores,Jumping Jimmys,302 N Washington,"Bunker Hill, IL","302 N Washington Bunker Hill, IL",618-585-3021,,,,
Business,1,Gas Stations/Convenience Stores,M & M Services Company Fast Stop,130 N. Chiles Street,"Carlinville, IL","130 N. Chiles Street Carlinville, IL",217-854-2474,,,,
Business,1,Gas Stations/Convenience Stores,M & M Services Company Fast Stop,East Main,"Palmyra, IL","East Main Palmyra, IL",217-436-2492,,,,
Business,1,Gas Stations/Convenience Stores,Main Street Liquior Store,401 W Main St,"Staunton, IL","401 W Main St Staunton, IL",618-635-3025,,,,
Business,1,Gas Stations/Convenience Stores,Motor Mart,24 Westwood Dr,"Hillsboro, IL","24 Westwood Dr Hillsboro, IL",217-839-4011,,,,
Business,1,Gas Stations/Convenience Stores,Mr. T's Tavern & Liquor Store,219 E Main St,"Staunton, IL","219 E Main St Staunton, IL",618-635-3122,,,,
Business,1,Gas Stations/Convenience Stores,TJ's,201 N Hardroad,"Benld, IL","201 N Hardroad Benld, IL",217-835-2511,,,,
Business,1,Grocery,Bill's IGA,406 E Main,"Staunton, IL","406 E Main Staunton, IL",618-635-2121,,,,
Business,1,Grocery,Cheney's Market,129 Keating Street,"Shipman, IL","129 Keating Street Shipman, IL",618-836-5403,,,,
Business,1,Grocery,Cherry's IGA,619 N 3rd St,"Girard, IL","619 N 3rd St Girard, IL",217-627-2011,,,,
Business,1,Grocery,Grandmother's Garden,602 E Meade,"Bunker Hill, IL","602 E Meade Bunker Hill, IL",618-585-4417,,,,
Business,1,Grocery,H & B Ham,202 W Plum St,"Brighton, IL","202 W Plum St Brighton, IL",618-372-8690,,,,
Business,1,Grocery,Meehan's IGA,958 South Washington,"Bunker Hill, IL","958 South Washington Bunker Hill, IL",618-585-4541,,,,
Business,1,Grocery,Milner Grocery,P.O. Box 106,"Medora, IL","P.O. Box 106 Medora, IL",618-729-4211,,,,
Business,1,Grocery,Rhodes Family Farm,8863 Dustman Rd,"Worden, IL","8863 Dustman Rd Worden, IL",618-307-4989,,,,
Business,1,Grocery,Tom's Supermarket,315 W Center St,"Brighton, IL","315 W Center St Brighton, IL",618-372-7272,,,,
Business,1,Grocery,Staunton Farmer's Market,PO Box 239,"Staunton, IL","PO Box 239 Staunton, IL",618-978-6664,,,,
Business,1,Hardware,A & G True Value,410 Springfield,"Gillespie, IL","410 Springfield Gillespie, IL",217-839-2331,,,,
Business,1,Hardware,Ace Hardware,111 East 1st North St,"Carlinville, IL","111 East 1st North St Carlinville, IL",217-8542564,,,,
Business,1,Hardware,Ace Hardware - Duda,500 W Main St,"Staunton, IL","500 W Main St Staunton, IL",618635-3300,,,,
Business,1,Hardware,Garretson Lumber Inc,244 N Dye St,"Virden, IL","244 N Dye St Virden, IL",217-965-5618,,,,
Business,1,Hardware,Henry Heyen & Son Hardware,301 S Maple St,"Brighton, IL","301 S Maple St Brighton, IL",618-372-3711,,,,
Business,1,Hardware,"RP Lumber Co, Inc",424 W Henry St,"Staunton, IL","424 W Henry St Staunton, IL",,,,,
Business,1,Hardware,Virden True Value,144 E Dean St,"Virden, IL","144 E Dean St Virden, IL",217-965-5511,,,,
Business,1,Hair Salon/Spa/Barber,Ballinger's Barber Shop,125 North Broad,"Carlinville, IL","125 North Broad Carlinville, IL",217-854-4152,,,,
Business,1,Hair Salon/Spa/Barber,Brighton Beauty Salon,213 E. Center St.,"Brighton, IL","213 E. Center St. Brighton, IL",618-372-3292,,,,
Business,1,Hair Salon/Spa/Barber,Center State Hair Salon,148 W Center St,"Girard, IL","148 W Center St Girard, IL",217-627-3754,,,,
Business,1,Hair Salon/Spa/Barber,Country Girl Beauty Salon,100 E Main Street,"Mt. Olive, IL","100 E Main Street Mt. Olive, IL",217-999-7821,,,,
Business,1,Hair Salon/Spa/Barber,Cuts and Such,510 Victor St.,"Brighton, IL","510 Victor St. Brighton, IL",618-372-8779,,,,
Business,1,Hair Salon/Spa/Barber,Fifth Dimensions Family Salon,127 W Main,"Carlinville, IL","127 W Main Carlinville, IL",217-854-4089,,,,
Business,1,Hair Salon/Spa/Barber,Hair Benders II,305 W Main,"Mt. Olive, IL","305 W Main Mt. Olive, IL",217-999-4030,,,,
Business,1,Hair Salon/Spa/Barber,J'aiBelle Salon & Spa,135 E Jackson St,"Virden, IL","135 E Jackson St Virden, IL",217-965-1447,,,,
Business,1,Hair Salon/Spa/Barber,Janet's Hair Designs,"RR 2, Box 207","Brighton, IL","RR 2, Box 207 Brighton, IL",618-372-3211,,,,
Business,1,Hair Salon/Spa/Barber,Kathy's Beauty Shop,"Rt. 1, Box 230","Medora, IL","Rt. 1, Box 230 Medora, IL",618-729-3861,,,,
Business,1,Hair Salon/Spa/Barber,Ken's Barber Shop,W Center,"Girard, IL","W Center Girard, IL",,,,,
Business,1,Hair Salon/Spa/Barber,Kountry Kuts & Kurl,5734 N. Fosterburg Rd.,"Shipman, IL","5734 N. Fosterburg Rd. Shipman, IL",618-836-5438,,,,
Business,1,Hair Salon/Spa/Barber,Lakeside Beauty Shop,7516 Shipman Cutoff Rd.,"Shipman, IL","7516 Shipman Cutoff Rd. Shipman, IL",618-836-5985,,,,
Business,1,Hair Salon/Spa/Barber,Lynn's Hair Designs,106 N Main St,"Brighton, IL","106 N Main St Brighton, IL",618-372-8800,,,,
Business,1,Hair Salon/Spa/Barber,Missy's Cut & Style,105 W 3rd South,"Mt. Olive, IL","105 W 3rd South Mt. Olive, IL",217-999-4506,,,,
Business,1,Hair Salon/Spa/Barber,Practical Works of Art,619 N Main St,"Brighton, IL","619 N Main St Brighton, IL",618-372-4692,,,,
Business,1,Hair Salon/Spa/Barber,Razor Sharp,113 N Poplar,"Mt. Olive, IL","113 N Poplar Mt. Olive, IL",217-999-2526,,,,
Business,1,Hair Salon/Spa/Barber,Ronald Edwards Salon,603 W Main St,"Staunton, IL","603 W Main St Staunton, IL",618-779-9353,,,,
Business,1,Hair Salon/Spa/Barber,Stan's Barber Shop,113 West Chestnut,"Gillespie, IL","113 West Chestnut Gillespie, IL",217-839-4509,,,,
Business,1,Hair Salon/Spa/Barber,Staunton Nails,321 W Main St,"Staunton, IL","321 W Main St Staunton, IL",618-635-2821,,,,
Business,1,Hair Salon/Spa/Barber,Totally Teasin,216 E Jackson St,"Virden, IL","216 E Jackson St Virden, IL",217-965-5160,,,,
Business,1,Hair Salon/Spa/Barber,Watts Barber Shop,201 North St,"Brighton, IL","201 North St Brighton, IL",618-372-8136,,,,
Business,1,Health Care,Addus Healthcare,55 Carlinville Plaza,"Carlinville, IL","55 Carlinville Plaza Carlinville, IL",217-854-4471,,,,
Business,1,Health Care,Austin Family Chiropractic,157 N Springfield St,"Virden, IL","157 N Springfield St Virden, IL",217-965-3100,,,,
Business,1,Health Care,Bunker Hill Health Center,144 N Washington,"Bunker Hill, IL","144 N Washington Bunker Hill, IL",618-585-6290,,,,
Business,1,Health Care,Carlinville Area Hospital,20733 North Broad Street,"Carlinville, IL","20733 North Broad Street Carlinville, IL",800-828-9923,,,,
Business,1,Health Care,Carlinville Chiropractic Clinic,295 North Broad,"Carlinville, IL","295 North Broad Carlinville, IL",217-854-8211,,,,
Business,1,Health Care,Carlinville Rehab,751 North Oak,"Carlinville, IL","751 North Oak Carlinville, IL",217-854-2511,,,,
Business,1,Health Care,Community Memorial Hospital,400 Caldwell St,"Staunton, IL","400 Caldwell St Staunton, IL",618-635-4241,,,,
Business,1,Health Care,Friendship Homes,826 North High,"Carlinville, IL","826 North High Carlinville, IL",217-854-9606,,,,
Business,1,Health Care,Girard Chiropractic,"115 S 2nd St, W Side Square","Girard, IL","115 S 2nd St, W Side Square Girard, IL",217-627-4144,,,,
Business,1,Health Care,The Glenwood,18192 Renken Rd,"Staunton, IL","18192 Renken Rd Staunton, IL",618-635-4012,,,,
Business,1,Health Care,Heritage Manor,1200 University,"Carlinville, IL","1200 University Carlinville, IL",217-854-4433,,,,
Business,1,Health Care,Heritage Manor,215 W Pennsyvania,"Staunton, IL","215 W Pennsyvania Staunton, IL",618-635-5577,,,,
Business,1,Health Care,Hertiage Manor,7588 Staunton Rd,"Gillespie, IL","7588 Staunton Rd Gillespie, IL",217-839-2171,,,,
Business,1,Health Care,Jones Chiropractic & Physcial Therapy,128 South Washington,"Bunker Hill, IL","128 South Washington Bunker Hill, IL",618-585-3522,,,,
Business,1,Health Care,Locust Street Resource Center,320 South Locust,"Carlinville, IL","320 South Locust Carlinville, IL",217-854-3166,,,,
Business,1,Health Care,Lott's Landing Apartments,800 Randall Road,"Carlinville, IL","800 Randall Road Carlinville, IL",217-854-4375,,,,
Business,1,Health Care,Macoupin County Chiropractic Office,704 S Hackman,"Staunton, IL","704 S Hackman Staunton, IL",618-635-2502,,,,
Business,1,Health Care,Mt. Olive Family Practice,115 N Poplar,"Mt. Olive, IL","115 N Poplar Mt. Olive, IL",217-999-4751,,,,
Business,1,Health Care,Polo Pediatrics,807 Broadway,"Gillespie, IL","807 Broadway Gillespie, IL",217-839-3900,,,,
Business,1,Health Care,Premiere Physical Therapy,1226 N Springfield St,"Virden, IL","1226 N Springfield St Virden, IL",217-965-5100,,,,
Business,1,Health Care,Rademacher Chiropractic Clinic,106 E Main,"Mt. Olive, IL","106 E Main Mt. Olive, IL",217-999-2911,,,,
Business,1,Health Care,Robings Manor,502 N Main St,"Brighton, IL","502 N Main St Brighton, IL",618-372-8451,,,,
Business,1,Health Care,"South Lawn Shelter Care, Inc",512 South Franklin,"Bunker Hill, IL","512 South Franklin Bunker Hill, IL",618-585-4875,,,,
Business,1,Health Care,Staunton Clinic,444 N Edwardsville St,"Staunton, IL","444 N Edwardsville St Staunton, IL",618-635-3800,,,,
Business,1,Health Care,Sunrise Manor Health Care Center,333 S Wrightsman,"Virden, IL","333 S Wrightsman Virden, IL",217-965-4715,,,,
Business,1,Health Care,TIP Hospice,205 Oakland Ave,"Carlinville, IL","205 Oakland Ave Carlinville, IL",217-854-2047,,,,
Business,1,Health Care,Village at Morse Farm,1050 W Main,"Carlinville, IL","1050 W Main Carlinville, IL",,,,,
Business,1,Health Care,VNA-TIP Homcare,208 S West,"Carlinville, IL","208 S West Carlinville, IL",217-854-3349,,,,
Business,1,Home/Service,24 Hour Maytag Laundry,S Washington,"Bunker Hill, IL","S Washington Bunker Hill, IL",217-854-5308,,,,
Business,1,Home/Service,Adopt-A-Pet,PO Box 53,"Benld, IL","PO Box 53 Benld, IL",217-835-2538,,,,
Business,1,Home/Service,Air Purification Systems,203 W Oak,"Gillespie, IL","203 W Oak Gillespie, IL",,,,,
Business,1,Home/Service,Allied Pest Management,425 North Broad,"Carlinville, IL","425 North Broad Carlinville, IL",217-854-0086,,,,
Business,1,Home/Service,Ameren - CIPS,222 N Church St,"Virden, IL","222 N Church St Virden, IL",888-789-2477,,,,
Business,1,Home/Service,"Americ'a's Best Sewer & Drain, Inc.",,"Brighton, IL"," Brighton, IL",618-372-3454,,,,
Business,1,Home/Service,"Arnold Inspections, LLC",16453 Palm Way Ct,"Brighton, IL","16453 Palm Way Ct Brighton, IL",,,,,
Business,1,Home/Service,Atmos Energy Corp.,136 E Dean St,"Virden, IL","136 E Dean St Virden, IL",888-286-6700,,,,
Business,1,Home/Service,The Bat Guy,308 E 3rd South,"Mt. Olive, IL","308 E 3rd South Mt. Olive, IL",217-999-3123,,,,
Business,1,Home/Service,Bloomin' Fields Greenhouse Inc.,34503 W. Miles Station Rd.,"Brighton, IL","34503 W. Miles Station Rd. Brighton, IL",618-372-4522,,,,
Business,1,Home/Service,Boente Jos F Sons Propane Co,543 West Main,"Carlinville, IL","543 West Main Carlinville, IL",217-854-3164,,,,
Business,1,Home/Service,Brighton Car Wash,113 S Maple St,"Brighton, IL","113 S Maple St Brighton, IL",618-372-8176,,,,
Business,1,Home/Service,Brighton Laundromat,108 N. Main St.,"Brighton, IL","108 N. Main St. Brighton, IL",618-372-8441,,,,
Business,1,Home/Service,Brighton Mini Storage,104 Ransom St.,"Brighton, IL","104 Ransom St. Brighton, IL",618-372-4063,,,,
Business,1,Home/Service,Carpani Consulting,701 E Walnut St,"Gillespie, IL","701 E Walnut St Gillespie, IL",217-710-1046,,,,
Business,1,Home/Service,Clean Reflections,216 S Sherman,"Girard, IL","216 S Sherman Girard, IL",217-827-3462,,,,
Business,1,Home/Service,D & D Lighting,2122 Rose Lake Circle,"Brighton, IL","2122 Rose Lake Circle Brighton, IL",618-372-3769,,,,
Business,1,Home/Service,D & D Storage,,"Brighton, IL"," Brighton, IL",618-372-3821 or 372-8086,,,,
Business,1,Home/Service,D & D Sales & Tack Shop,"Rt. 16, P.O. Box 230","Shipman, IL","Rt. 16, P.O. Box 230 Shipman, IL",618-836-5974,,,,
Business,1,Home/Service,"Darrell Kroeschel Grain, Rock & Fertilizer",,"Medora, IL"," Medora, IL",618-729-4504,,,,
Business,1,Home/Service,Delps's Home Service,,"Brighton, IL"," Brighton, IL",618-372-7030,,,,
Business,1,Home/Service,Diane's Movies Galore,506 S. Maple St.,"Brighton, IL","506 S. Maple St. Brighton, IL",618-372-3770,,,,
Business,1,Home/Service,Ed Bosomworth Trucking,"634 Keating St., P.O. Box 315","Shipman, IL","634 Keating St., P.O. Box 315 Shipman, IL",217-825-5230,,,,
Business,1,Home/Service,Gary Contracting,"Rt. 2, Box 161","Brighton, IL","Rt. 2, Box 161 Brighton, IL",618-372-3621,,,,
Business,1,Home/Service,"George Alarm Company, Inc",202 B West Main St,"Glen Carbon, IL","202 B West Main St Glen Carbon, IL",618-288-2090,,,,
Business,1,Home/Service,Grothaus Trucking Co.,10229 Shipman Rd.,"Plainview, IL","10229 Shipman Rd. Plainview, IL",618-836-7041,,,,
Business,1,Home/Service,Harmen Auction & Storage Service,Rt. 16 West,"Shipman, IL","Rt. 16 West Shipman, IL",618-836-7355,,,,
Business,1,Home/Service,Harwood Inernational,16096 Lageman Ln,"Brighton, IL","16096 Lageman Ln Brighton, IL",618-372-3774,,,,
Business,1,Home/Service,Hatalla Flooring Inc.,730 W. Dean St.,"Virden, IL","730 W. Dean St. Virden, IL",217-971-7480,,,,
Business,1,Home/Service,Home Decor,305 E Rt 66,"Mt. Olive, IL","305 E Rt 66 Mt. Olive, IL",618-791-3470,,,,
Business,1,Home/Service,Hopper's Pest Control,105 N 8th St,"Benld, IL","105 N 8th St Benld, IL",217-835-2236,,,,
Business,1,Home/Service,Jack's Cleaners,215 S Macoupin,"Gillespie, IL","215 S Macoupin Gillespie, IL",217-839-3467,,,,
Business,1,Home/Service,John Colson Auction,Hwy 67,"Medora, IL","Hwy 67 Medora, IL",618-372-8888,,,,
Business,1,Home/Service,K & W Glass Company,130 N Dye St,"Virden, IL","130 N Dye St Virden, IL",217-965-4704,,,,
Business,1,Home/Service,Kibbles N' Klips Grooming,606 North Broad,"Carlinville, IL","606 North Broad Carlinville, IL",217-854-9018,,,,
Business,1,Home/Service,Ken Stanton Auction Service,"Rt. 1, Box 88L","Medora, IL","Rt. 1, Box 88L Medora, IL",618-535-9838,,,,
Business,1,Home/Service,Lahr's Milk Service,P.O. Box 23,"Piasa, IL","P.O. Box 23 Piasa, IL",618-729-4142,,,,
Business,1,Home/Service,LS Waterproofing,,"Brighton, IL"," Brighton, IL",618-372-3932,,,,
Business,1,Home/Service,M & R Delivery Service,34050 Irish Ln,"Brighton, IL","34050 Irish Ln Brighton, IL",618-372-4466,,,,
Business,1,Home/Service,Magic Moments Portraits,32605 Crest Wood Rd,"Brighton, IL","32605 Crest Wood Rd Brighton, IL",618-741-3981,,,,
Business,1,Home/Service,MC Viehweg-Builder & Craftsman,1182 Timer Ridge Tr,"Mt. Olive, IL","1182 Timer Ridge Tr Mt. Olive, IL",217-999-6188,,,,
Business,1,Home/Service,Medora Mini Storage,,"Medora, IL"," Medora, IL",618-729-4545,,,,
Business,1,Home/Service,Merritt Waste Hauling,545 Shipman Rd.,"Shipman, IL","545 Shipman Rd. Shipman, IL",618-836-7338,,,,
Business,1,Home/Service,Midwest Basement Technologies,,"Brighton, IL"," Brighton, IL",618-372-7077,,,,
Business,1,Home/Service,Mid-State Storage/L&W Chemicals,502 E Rt 66,"Mt. Olive, IL","502 E Rt 66 Mt. Olive, IL",217-999-6051,,,,
Business,1,Home/Service,Mom's Maid Service,100 Lakewood Dr,"Brighton, IL","100 Lakewood Dr Brighton, IL",618-372-4198,,,,
Business,1,Home/Service,MJM Electric Co-Op Inc,264 North East Street,"Carlinville, IL","264 North East Street Carlinville, IL",217-854-3137,,,,
Business,1,Home/Service,"Nemyr Design, Inc",13750 Rock Rd,"Gillespie, IL","13750 Rock Rd Gillespie, IL",,,,,
Business,1,Home/Service,Pampered Chef Consultant,211 N Lake,"Mt. Olive, IL","211 N Lake Mt. Olive, IL",217-999-7383,,,,
Business,1,Home/Service,Paradise Eco Solutions,2961 Chelsea Ln,"Brighton, IL","2961 Chelsea Ln Brighton, IL",618-372-0015,,,,
Business,1,Home/Service,Prose Drainage,30580 Henry Rd,"Girard, IL","30580 Henry Rd Girard, IL",217-627-2248,,,,
Business,1,Home/Service,Pruitt trucking Co.,P.O. Box 71,"Medora, IL","P.O. Box 71 Medora, IL",618-729-4457,,,,
Business,1,Home/Service,Puroclean Professional Restoration Service,PO Box 15,"Gillespie, IL","PO Box 15 Gillespie, IL",217-839-9300,,,,
Business,1,Home/Service,Quality Flooring,20278 Rt 16 West,"Litchfield, IL","20278 Rt 16 West Litchfield, IL",217-839-4224,,,,
Business,1,Home/Service,R. E. Erwin Gutters,,"Shipman, IL"," Shipman, IL",,,,,
Business,1,Home/Service,Roger Moore Carpentry & Painting,,"Mendora, IL"," Mendora, IL",618-535-2007,,,,
Business,1,Home/Service,Rowens Kennel,2400 Ownens Ln,"Brighton, IL","2400 Ownens Ln Brighton, IL",618-372-3837,,,,
Business,1,Home/Service,RSG Decorative Concrete,,, ,618-530-8140,,,,
Business,1,Home/Service,Rull Brothers Propane,Rt 159 South,"Bunker Hill, IL","Rt 159 South Bunker Hill, IL",618-585-4484,,,,
Business,1,Home/Service,Russell Furniture & Floor Coverings,222 W. Main St.,"Staunton, IL","222 W. Main St. Staunton, IL",888-635-5201,,,,
Business,1,Home/Service,Soil -Right Consulting Services,101 1st St,"Shipman, IL","101 1st St Shipman, IL",618-836-5503,,,,
Business,1,Home/Service,Stefo Pool & Spa,205 S Union,"Staunton, IL","205 S Union Staunton, IL",618-635-8291,,,,
Business,1,Home/Service,Step By Step Child Care Center,402 N Maple St,"Brighton, IL","402 N Maple St Brighton, IL",618-372-4328,,,,
Business,1,Home/Service,Stotler Fence Co,4424 Tichenal Rd,"Brighton, IL","4424 Tichenal Rd Brighton, IL",618-372-4244,,,,
Business,1,Home/Service,Tandyman Home Improvement,211 North St,"Brighton, IL","211 North St Brighton, IL",618-372-3836,,,,
Business,1,Home/Service,Tag Home Inspections,,, ,618-372-8032,,,,
Business,1,Home/Service,Total Mechanical Servies,6519 New Reservoir Rd,"Mt. Olive, IL","6519 New Reservoir Rd Mt. Olive, IL",217-999-4880,,,,
Business,1,Home/Service,Trapper's Nuisance Wildlife Control,,"Brighton, IL"," Brighton, IL",618-372-8074,,,,
Business,1,Home/Service,Tri-County Door Company,,, ,618-372-4208,,,,
Business,1,Home/Service,"Tri-County Masonry, Inc",4595 Brighton/Bunker Hill Rd,"Brighton, IL","4595 Brighton/Bunker Hill Rd Brighton, IL",618-372-7062,,,,
Business,1,Home/Service,"Trinity Tower & Coil Cleaning, Inc",,"Brighton, IL"," Brighton, IL",618-372-3343,,,,
Business,1,Home/Service,U-Haul,211 N Main St,"Brighton, IL","211 N Main St Brighton, IL",618-372-4119,,,,
Business,1,Home/Service,Versatile Machining,110 Ransom St,"Brighton, IL","110 Ransom St Brighton, IL",618-372-0140,,,,
Business,1,Home/Service,Watkins Quality Products,32081 Stone Circle Dr,"Brighton, IL","32081 Stone Circle Dr Brighton, IL",618-372-3633,,,,
Business,1,Home/Service,WECARE Recycling,330 W 1st North,"Carlinville, IL","330 W 1st North Carlinville, IL",217-854-8888,,,,
Business,1,Home/Service,Wilmouth Machine Works,1723 Terpening Rd,"Brighton, IL","1723 Terpening Rd Brighton, IL",618-372-3189,,,,
Business,1,Home/Service,Wilson Trucking,P.O. Box 41,"Piasa, IL","P.O. Box 41 Piasa, IL",618-729-4221,,,,
Business,1,Insurance Agencies,A & C Insurance Agency,320 S Macoupin St,"Gillespie, IL","320 S Macoupin St Gillespie, IL",217-839-2777,,,,
Business,1,Insurance Agencies,Allen Jones Insurance,4291 Piasa Rd.,"Brighton, IL","4291 Piasa Rd. Brighton, IL",618-372-3532,,,,
Business,1,Insurance Agencies,American Family Insurance,214 W Main St,"Staunton, IL","214 W Main St Staunton, IL",618-635-0001,,,,
Business,1,Insurance Agencies,Country Insurance & Financial Services,217 North St #1,"Brighton, IL","217 North St #1 Brighton, IL",618-372-8845,,,,
Business,1,Insurance Agencies,Country Insurance & Financial Services,512 North Side Square,"Carlinville, IL","512 North Side Square Carlinville, IL",217-854-6722,,,,
Business,1,Insurance Agencies,Country Insurance & Financial Services,145 E Jackson St,"Virden, IL","145 E Jackson St Virden, IL",866-587-0954,,,,
Business,1,Insurance Agencies,Country Financial,720 1/2 N 3rd St,"Girard, IL","720 1/2 N 3rd St Girard, IL",217-627-2152,,,,
Business,1,Insurance Agencies,Country Financial,711 S Washington,"Bunker Hill, IL","711 S Washington Bunker Hill, IL",618-585-3666,,,,
Business,1,Insurance Agencies,Country Financial,801 Staunton Rd,"Gillespie, IL","801 Staunton Rd Gillespie, IL",217-839-4385,,,,
Business,1,Insurance Agencies,Gable-Moore Insurance,P.O. Box 147,"Medora, IL","P.O. Box 147 Medora, IL",618-729-4311,,,,
Business,1,Insurance Agencies,The Gazda Insurance Agency,227 East First South,"Carlinville, IL","227 East First South Carlinville, IL",217-854-5411,,,,
Business,1,Insurance Agencies,"Kasten Goodman Agency, Inc",217 W Central,"Benld, IL","217 W Central Benld, IL",217-825-7777,,,,
Business,1,Insurance Agencies,KMRM Insurance,505 North Broad,"Carlinville, IL","505 North Broad Carlinville, IL",217-854-4036,,,,
Business,1,Insurance Agencies,Lewis & Clark Insurance Agency,309 N Main St,"Brighton, IL","309 N Main St Brighton, IL",618-372-3821,,,,
Business,1,Insurance Agencies,Lifestyle Agency,124 E Warren,"Bunker Hill, IL","124 E Warren Bunker Hill, IL",618-585-3715,,,,
Business,1,Insurance Agencies,Mark Smith,217 W Central,"Benld, IL","217 W Central Benld, IL",,,,,
Business,1,Insurance Agencies,"Scheller Insurance Agency, Inc",213 W Main,"Mt. Olive, IL","213 W Main Mt. Olive, IL",217-999-5251,,,,
Business,1,Insurance Agencies,Schrier Insurance Agency,5770 Shipman Cutoff Rd.,"Shipman, IL","5770 Shipman Cutoff Rd. Shipman, IL",618-836-5906,,,,
Business,1,Insurance Agencies,State Farm Insurance,2200 Staunton Rd,"Gillespie, IL","2200 Staunton Rd Gillespie, IL",217-839-2106,,,,
Business,1,Insurance Agencies,State Farm Insurance,111 E Jackson St,"Virden, IL","111 E Jackson St Virden, IL",800-686-1846,,,,
Business,1,Insurance Agencies,Staunton Ins Agency Inc,303 W Main St,"Staunton, IL","303 W Main St Staunton, IL",618-635-4646,,,,
Business,1,Insurance Agencies,Whitfield Insurance Agency,South Hwy 159,"Bunker Hill, IL","South Hwy 159 Bunker Hill, IL",618-585-4622,,,,
Business,1,Insurance Agencies,Whitworth State Farm,307 W Main St,"Staunton, IL","307 W Main St Staunton, IL",618-635-2310,,,,
Business,1,Lawn & Garden,Bertels Sales & Service,4664 Seiler Rd,"Dorsey, IL","4664 Seiler Rd Dorsey, IL",618-377-4220,,,,
Business,1,Lawn & Garden,Brunetto Home & Landscaping,200 W Chestnut,"Gillespie, IL","200 W Chestnut Gillespie, IL",217-835-4727,,,,
Business,1,Lawn & Garden,Carl's Mowing Service,204 West Palmer St,"Brighton, IL","204 West Palmer St Brighton, IL",618-372-8438,,,,
Business,1,Lawn & Garden,Cottage Garden,Rt. 111,"Piasa, IL","Rt. 111 Piasa, IL",618-729-4160,,,,
Business,1,Lawn & Garden,Countryside Nursery,Hwy 111 S.,"Medora, IL","Hwy 111 S. Medora, IL",618-729-3889,,,,
Business,1,Lawn & Garden,H & H Greenhouse,7171 Rt. 16,"Shipman, IL","7171 Rt. 16 Shipman, IL",217-710-3480,,,,
Business,1,Lawn & Garden,Midwest Mowing,PO Box 22,"Brighton, IL","PO Box 22 Brighton, IL",618-372-4466,,,,
Business,1,Lawn & Garden,Montgomery Trucking & Landscaping,,"Brighton, IL"," Brighton, IL",618-372-4511,,,,
Business,1,Lawn & Garden,Niehaus Mowers,212 West Charles,"Gillespie, IL","212 West Charles Gillespie, IL",,,,,
Business,1,Lodging,Best Western Carlinville Inn,Interstate 55 and Rt 108,"Carlinville, IL","Interstate 55 and Rt 108 Carlinville, IL",217-854-5411,,,,
Business,1,Lodging,Hampton Inn,11 Tunderbird Circle,"Litchfield, IL","11 Tunderbird Circle Litchfield, IL",217-324-4441,,,,
Business,1,Manufacturer,Dairy Service Center,4630 W Florissant,"St. Louis, MO","4630 W Florissant St. Louis, MO",,,,,
Business,1,Manufacturer,Georgia Pacific,Old Rt 66,"Mt. Olive, IL","Old Rt 66 Mt. Olive, IL",217-999-2511,,,,
Business,1,Manufacturer,Karmak,1 Karmak Plaza,"Carlinville, IL","1 Karmak Plaza Carlinville, IL",217-854-4721,,,,
Business,1,Manufacturer,NBS Systems,1000 Rt 66,"Mt. Olive, IL","1000 Rt 66 Mt. Olive, IL",217-999-3472,,,,
Business,1,Manufacturer,"Piasa Plastics, Inc",615 N Main,"Brighton, IL","615 N Main Brighton, IL",618-372-7516,,,,
Business,1,Manufacturer,Prairie Farms Dairy,1100 Broadway,"Carlinville, IL","1100 Broadway Carlinville, IL",217-854-2547,,,,
Business,1,Manufacturer,Truss Slater,700 S Springfield St,"Virden, IL","700 S Springfield St Virden, IL",217-965-4911,,,,
Business,1,Media,Bunker Hill Gazette-News,150 N Washington St,"Bunker Hill, IL","150 N Washington St Bunker Hill, IL",618-585-4411,,,,
Business,1,Media,Coal County Times,320 S Macoupin Ste C,"Gillespie, IL","320 S Macoupin Ste C Gillespie, IL",217-839-2626,,,,
Business,1,Media,"Gold Nugget Publication, Inc",169 W Jackson St,"Virden, IL","169 W Jackson St Virden, IL",217-965-3355,,,,
Business,1,Media,"Kwik Konnection Printing & Publishing Co, Inc",213 W Main St,"Staunton, IL","213 W Main St Staunton, IL",618-635-3172,,,,
Business,1,Media,Macoupin County Enquirer-Democrat,125 East Main,"Carlinville, IL","125 East Main Carlinville, IL",217-854-2534,,,,
Business,1,Media,Mt. Olive Herald,102 E Main/PO Box 300,"Mt. Olive, IL","102 E Main/PO Box 300 Mt. Olive, IL",217-999-3941,,,,
Business,1,Media,Mt. Olive News Stand,104 W Main,"Mt. Olive, IL","104 W Main Mt. Olive, IL",217-999-5110,,,,
Business,1,Media,Sout County News,PO Box 209,"Gillespie, IL","PO Box 209 Gillespie, IL",217-839-2130,,,,
Business,1,Media,Southwestern Journal,117 N Main St,"Brighton, IL","117 N Main St Brighton, IL",618-372-8451,,,,
Business,1,Media,Star-Times,108 W Main St,"Staunton, IL'","108 W Main St Staunton, IL'",618-635-2000,,,,
Business,1,Media,WAOX and WSMI Radio,498 W Side of Square,"Carlinville, IL","498 W Side of Square Carlinville, IL",217-854-8565,,,,
Business,1,Optometrist,Advanced Eye Care,119 N Springfield St,"Virden, IL","119 N Springfield St Virden, IL",217-965-3306,,,,
Business,1,Optometrist,"Eye Consultants of IL, LTD",121 E Lafayette,"Staunton, IL","121 E Lafayette Staunton, IL",618-635-8082,,,,
Business,1,Optometrist,"Fireside Eye Care, PC",600 South Eighth,"Benld, IL","600 South Eighth Benld, IL",217-835-7724,,,,
Business,1,Optometrist,"Pairie Eye Center, LTD",130 W Center,"Girard, IL","130 W Center Girard, IL",217-627-2718,,,,
Business,1,Optometrist,Southwestern Eyecare,101 N Maple,"Brighton, IL","101 N Maple Brighton, IL",618-372-7000,,,,
Business,1,Pharmacy,Brighton Pharmacy,108 Ransom St,"Brighton, IL","108 Ransom St Brighton, IL",618-372-3313,,,,
Business,1,Pharmacy,Fritz Drug Store,219 W Main,"Staunton, IL","219 W Main Staunton, IL",618-635-2267,,,,
Business,1,Pharmacy,Michelle's Pharmacy,494 West Side Square,"Carlinville, IL","494 West Side Square Carlinville, IL",217-854-3980,,,,
Business,1,Pharmacy,Michelle's Pharmacy,120 S Macoupin,"Gillespie, IL","120 S Macoupin Gillespie, IL",217-839-9901,,,,
Business,1,Pharmacy,"Sullivan Drug, Inc",PO Box 59,"Gillespie, IL","PO Box 59 Gillespie, IL",217-839-3228,,,,
Business,1,Pharmacy,"Sullivan Drug, Inc",103 W Main,"Mt. Olive, IL","103 W Main Mt. Olive, IL",217-999-7321,,,,
Business,1,Real Estate,Central Realty,,"Carlinville, IL"," Carlinville, IL",314-862-5557,,,,
Business,1,Real Estate,Century 21 Seniker-Edwards Real Estate,908 N Main St,"Brighton, IL","908 N Main St Brighton, IL",618-372-4535,,,,
Business,1,Real Estate,Cisler & Associates,716 E Pearl,"Staunton, IL","716 E Pearl Staunton, IL",618-444-7222,,,,
Business,1,Real Estate,Cisler & Associates,229 W Main St,"Staunton, IL","229 W Main St Staunton, IL",618-635-2244,,,,
Business,1,Real Estate,Coldwell Banker,204 W Maple,"Gillespie, IL","204 W Maple Gillespie, IL",,,,,
Business,1,Real Estate,Coldwell Banker,301 W Main,"Staunton, IL","301 W Main Staunton, IL",618-635-7653,,,,
Business,1,Real Estate,"JR Colson & Associates, LLC",,"Brighton, IL"," Brighton, IL",618-372-8888,,,,
Business,1,Real Estate,Community Title & Escrow,110 W Main St,"Staunton, IL","110 W Main St Staunton, IL",618-635-8114,,,,
Business,1,Real Estate,"Cornerstone TL, Inc",210 Springfield Rd,"Gillespie, IL","210 Springfield Rd Gillespie, IL",217-839-9919,,,,
Business,1,Real Estate,Hebenstreit Apartments,PO Box 114,"Gillespie, IL","PO Box 114 Gillespie, IL",217-835-2129,,,,
Business,1,Real Estate,Home Option Co,117 Madison,"Gillespie, IL","117 Madison Gillespie, IL",217-839-3005,,,,
Business,1,Real Estate,Illinois Country Homes,31832 Delhi Rd,"Brighton, IL","31832 Delhi Rd Brighton, IL",618-372-4010,,,,
Business,1,Real Estate,L.M. Appraisals,2874 Fosterburg Rd.,"Brighton, IL","2874 Fosterburg Rd. Brighton, IL",618-372-3999,,,,
Business,1,Real Estate,Lott's Landing Apartments,800 Randall Road,"Carlinville, IL","800 Randall Road Carlinville, IL",217-854-4375,,,,
Business,1,Real Estate,"Midwest Area Realty Service, Inc","720 S Washington, Suite C","Bunker Hill, IL","720 S Washington, Suite C Bunker Hill, IL",618-585-4480,,,,
Business,1,Real Estate,Prairie State Title & Escrow Services,201 N Main St,"Brighton, IL","201 N Main St Brighton, IL",618-372-8424,,,,
Business,1,Real Estate,Prudential One Realty Centre,121 E Lafayette,"Staunton, IL","121 E Lafayette Staunton, IL",618-410-2202,,,,
Business,1,Real Estate,Seniker Real Estate & Appraisals,908 N. Main,"Brighton, IL","908 N. Main Brighton, IL",618-372-4535,,,,
Business,1,Real Estate,Sunset Lake Assoc,30505 East Lake Dr,"Girard, IL","30505 East Lake Dr Girard, IL",217-627-3339,,,,
Business,1,Real Estate,Twinn Co Real Estate,320 S Macoupin,"Gillespie, IL","320 S Macoupin Gillespie, IL",217-839-2272,,,,
Business,1,Retail/Misc,A & B Custom Vinyl & Graphics,209 N Main St,"Brighton, IL","209 N Main St Brighton, IL",618-372-3356,,,,
Business,1,Retail/Misc,A & D RV HD Sales/Service,646 W. Railroad St.,"Shipman, IL","646 W. Railroad St. Shipman, IL",,,,,
Business,1,Retail/Misc,ABC Decks,127 S Second,"Girard, IL","127 S Second Girard, IL",,,,,
Business,1,Retail/Misc,Al's Vending & Amusement,East Side Square,"Carlinville, IL","East Side Square Carlinville, IL",217-854-7018,,,,
Business,1,Retail/Misc,Brighton Heritage Museum,208 Mulberry,"Brighton, IL","208 Mulberry Brighton, IL",618-372-3536,,,,
Business,1,Retail/Misc,Brighton Library,P.O. Box 183,"Brighton, IL","P.O. Box 183 Brighton, IL",618-327-8450,,,,
Business,1,Retail/Misc,Carpani Consulting,701 E Walnut St.,"Gillespie, IL","701 E Walnut St. Gillespie, IL",217-710-1046,,,,
Business,1,Retail/Misc,The Castle of Forgotten Treasures,200 S Macoupin,"Gillespie, IL","200 S Macoupin Gillespie, IL",,,,,
Business,1,Retail/Misc,Cavallo Bus Lines,214 W Baker St,"Gillespie, IL","214 W Baker St Gillespie, IL",217-839-2187,,,,
Business,1,Retail/Misc,The Chandelier,308 S Macoupin,"Gillespie, IL","308 S Macoupin Gillespie, IL",217-839-3985,,,,
Business,1,Retail/Misc,"Closets, Closets & More",1968 Seminary Rd,"Brighton, IL","1968 Seminary Rd Brighton, IL",618-372-0044,,,,
Business,1,Retail/Misc,Coliseum Ballroom Antique Mall,420 South Hard Road,"Benld, IL","420 South Hard Road Benld, IL",217-835-7788,,,,
Business,1,Retail/Misc,Creating Memories Photography,115 N Main St,"Brighton, IL","115 N Main St Brighton, IL",618-372-3642,,,,
Business,1,Retail/Misc,Dollar General,101 S Maple St,"Brighton, IL","101 S Maple St Brighton, IL",618-372-3539,,,,
Business,1,Retail/Misc,Dollar General,111 Rt 66,"Mt. Olive, IL","111 Rt 66 Mt. Olive, IL",217-999-4210,,,,
Business,1,Retail/Misc,The Door Mouse,123 South Broad,"Carlinville, IL","123 South Broad Carlinville, IL",217-854-3183,,,,
Business,1,Retail/Misc,Diane's Movies Galore,506 S Maple St,"Brighton, IL","506 S Maple St Brighton, IL",618-372-3770,,,,
Business,1,Retail/Misc,"DTTLR of Girard, Inc",215 N 3rd St,"Girard, IL","215 N 3rd St Girard, IL",217-627-2266,,,,
Business,1,Retail/Misc,Fine Art Emporium,,"Gillespie, IL"," Gillespie, IL",217-825-3035,,,,
Business,1,Retail/Misc,Fisherman's Gunshop,147 S 2nd St,"Girard, IL","147 S 2nd St Girard, IL",217-627-2116,,,,
Business,1,Retail/Misc,From My House to Yours,112 W Main,"Mt. Olive, IL","112 W Main Mt. Olive, IL",217-999-8332,,,,
Business,1,Retail/Misc,Golike Classic Carriages,102-104 S. Macoupin St,"Piasa, IL","102-104 S. Macoupin St Piasa, IL",618-836-5944,,,,
Business,1,Retail/Misc,Get-R-Done Graph-X & Screen Printing,21 W Main St,"Staunton, IL","21 W Main St Staunton, IL",618-635-8337,,,,
Business,1,Retail/Misc,Grannie's Attic,107 E Spruce,"Gillespie, IL","107 E Spruce Gillespie, IL",217-839-1110,,,,
Business,1,Retail/Misc,Harman Auction Service,Rt 16,"Shipman, IL","Rt 16 Shipman, IL",618-836-7355,,,,
Business,1,Retail/Misc,Huddle-up Sports Ltd,225 S Macoupin,"Gillespie, IL","225 S Macoupin Gillespie, IL",217-839-4500,,,,
Business,1,Retail/Misc,"Jamie's, The Diamond Mine",137 E Jackson St,"Virden, IL","137 E Jackson St Virden, IL",217-965-4542,,,,
Business,1,Retail/Misc,K & W Glass Company,130 N Dye St,"Virden, IL","130 N Dye St Virden, IL",217-965-4704,,,,
Business,1,Retail/Misc,My Sister's Closet,364 South Side Square,"Carlinville, IL","364 South Side Square Carlinville, IL",217-854-8215,,,,
Business,1,Retail/Misc,Nilo Farms,,"Brighton, IL"," Brighton, IL",618-466-0613,,,,
Business,1,Retail/Misc,One Sec,124 East Side Square,"Carlinville, IL","124 East Side Square Carlinville, IL",217-854-7447,,,,
Business,1,Retail/Misc,R & R Bindery,499 Rachel Rd,"Girard, IL","499 Rachel Rd Girard, IL",217-627-2143,,,,
Business,1,Retail/Misc,Red Geranium Quilting,10991 Shipman Rd.,"Plainview, IL","10991 Shipman Rd. Plainview, IL",618-836-5991,,,,
Business,1,Retail/Misc,Remember When Antiques,160 W Center,"Girard, IL","160 W Center Girard, IL",217-627-3587,,,,
Business,1,Retail/Misc,S. W. Farm & Home Museum,Rt. 16,"Shipman, IL","Rt. 16 Shipman, IL",618-836-5840,,,,
Business,1,Retail/Misc,Shelton License Service,12466 Chesterfield Rd.,"Shipman, IL","12466 Chesterfield Rd. Shipman, IL",618-836-7592,,,,
Business,1,Retail/Misc,Shipman Library,P.O. Box 169,"Shipman, IL","P.O. Box 169 Shipman, IL",618-836-7529,,,,
Business,1,Retail/Misc,Shreddi-Mix,Market St.,"Brighton, IL","Market St. Brighton, IL",,,,,
Business,1,Retail/Misc,Silvernicks,179 E Jackson St,"Virden, IL","179 E Jackson St Virden, IL",217-891-6514,,,,
Business,1,Retail/Misc,The Sly Fox,123 N Springfield St,"Virden, IL","123 N Springfield St Virden, IL",217-965-3641,,,,
Business,1,Retail/Misc,Southwestern Archery,5490 Mills Bottom Rd.,"Shipman, IL","5490 Mills Bottom Rd. Shipman, IL",618-836-5875,,,,
Business,1,Retail/Misc,Stardust Gift Shop,109 E Central,"Benld, IL","109 E Central Benld, IL",,,,,
Business,1,Retail/Misc,Stefco Sports,101 W Main St,"Staunton, IL","101 W Main St Staunton, IL",618-635-8291,,,,
Business,1,Retail/Misc,Taylor & Soapes,120 E Main,"Mt. Olive, IL","120 E Main Mt. Olive, IL",217-999-5600,,,,
Business,1,Retail/Misc,Thermal Ceramics,,"Girard, IL"," Girard, IL",217-627-2101,,,,
Business,1,Retail/Misc,"Toprani Sales Co, Inc",106 S Macoupin,"Gillespie, IL","106 S Macoupin Gillespie, IL",217-839-2006,,,,
Business,1,Retail/Misc,Treehouse Wildlife Center,Fosterburg Rd.,"Brighton, IL","Fosterburg Rd. Brighton, IL",618-372-8092,,,,
Business,1,Retail/Misc,WAL-MART,18600 Shipman Blacktop,"Carlinville, IL","18600 Shipman Blacktop Carlinville, IL",217-854-4402,,,,
Business,1,Restaurants/ Banquet Halls/Bakeries,Bamboo Gardens,121 S Macoupin,"Staunton, IL","121 S Macoupin Staunton, IL",618-635-7432,,,,
Business,1,Restaurants/ Banquet Halls/Bakeries,The Barn Cafe,140 N Main St,"Palmyra, IL","140 N Main St Palmyra, IL",618-436-2467,,,,
Business,1,Restaurants/ Banquet Halls/Bakeries,Beaver Dam Cafe & Baitshop,14580 Beaver Damn Rd.,"Plainview, IL","14580 Beaver Damn Rd. Plainview, IL",217-854-6688,,,,
Business,1,Restaurants/ Banquet Halls/Bakeries,Cabaret Bar & Grill,Main St.,"Brighton, IL","Main St. Brighton, IL",618-372-3961,,,,
Business,1,Restaurants/ Banquet Halls/Bakeries,Cavataio's Restaurant,"101 S Edwardsville, IL","Staunton, IL","101 S Edwardsville, IL Staunton, IL",618-635-2030,,,,
Business,1,Restaurants/ Banquet Halls/Bakeries,Concordia Hall,709 S Union,"Staunton, IL","709 S Union Staunton, IL",618-635-2040,,,,
Business,1,Restaurants/ Banquet Halls/Bakeries,CP's Five and Dine Restaurant,102 S. Macoupin St,"Gillispie, IL","102 S. Macoupin St Gillispie, IL",217-839-4094,,,,
Business,1,Restaurants/ Banquet Halls/Bakeries,Crossroads Restaurant,Rt 138 & Rt 66,"Mt. Olive, IL","Rt 138 & Rt 66 Mt. Olive, IL",217-999-3688,,,,
Business,1,Restaurants/ Banquet Halls/Bakeries,Dairy Queen,724 West Main,"Carlinville, IL","724 West Main Carlinville, IL",217-854-8212,,,,
Business,1,Restaurants/ Banquet Halls/Bakeries,Dairy Queen,510 Broadway,"Gillespie, IL","510 Broadway Gillespie, IL",217-839-2215,,,,
Business,1,Restaurants/ Banquet Halls/Bakeries,Dairy Queen,1553 Herman Rd,"Staunton, IL","1553 Herman Rd Staunton, IL",618-635-5194,,,,
Business,1,Restaurants/ Banquet Halls/Bakeries,DD's Restaurant,120 N Main St,"Benld, IL","120 N Main St Benld, IL",217-835-1264,,,,
Business,1,Restaurants/ Banquet Halls/Bakeries,DiCarlo's Pizza,"330 N Springfield, IL","Virden, IL","330 N Springfield, IL Virden, IL",217-965-5323,,,,
Business,1,Restaurants/ Banquet Halls/Bakeries,Doc's Soda Fountain,133 S 2nd St,"Girard, IL","133 S 2nd St Girard, IL",217-627-3491,,,,
Business,1,Restaurants/ Banquet Halls/Bakeries,Elks Lodge,201 West Main,"Carlinville, IL","201 West Main Carlinville, IL",217-854-3557,,,,
Business,1,Restaurants/ Banquet Halls/Bakeries,Front Porch Cafe,213 E State St,"Modesto, IL","213 E State St Modesto, IL",217-439-7441,,,,
Business,1,Restaurants/ Banquet Halls/Bakeries,Hardees,905 N Springfield,"Virden, IL","905 N Springfield Virden, IL",217-965-3715,,,,
Business,1,Restaurants/ Banquet Halls/Bakeries,Huebener's Dairy Barn,906 N Main ST,"Brighton, IL","906 N Main ST Brighton, IL",618-372-4330,,,,
Business,1,Restaurants/ Banquet Halls/Bakeries,Juices,303 E Main,"Mt. Olive, IL","303 E Main Mt. Olive, IL",217-999-4120,,,,
Business,1,Restaurants/ Banquet Halls/Bakeries,Little Italy's Pizza,139 W Madison,"Girard, IL","139 W Madison Girard, IL",217-627-9000,,,,
Business,1,Restaurants/ Banquet Halls/Bakeries,Little Italy's Pizza,305 W Main,"Staunton, IL","305 W Main Staunton, IL",618-635-8181,,,,
Business,1,Restaurants/ Banquet Halls/Bakeries,Kights of Columbus Hall,106 North Side Square,"Carlinville, IL","106 North Side Square Carlinville, IL",217-854-8324,,,,
Business,1,Restaurants/ Banquet Halls/Bakeries,McDonald's Restaurant,733 West Main,"Carlinville, IL","733 West Main Carlinville, IL",217-854-4481,,,,
Business,1,Restaurants/ Banquet Halls/Bakeries,Miner's Family Restaurant,304 S Macoupin,"Gillespie, IL","304 S Macoupin Gillespie, IL",217-839-4800,,,,
Business,1,Restaurants/ Banquet Halls/Bakeries,Palmyra Opera House Co,101 E State St,"Palmyra, IL","101 E State St Palmyra, IL",217-436-9121,,,,
Business,1,Restaurants/ Banquet Halls/Bakeries,Papa JoDanni's,902 S Hardroad,"Benld, IL","902 S Hardroad Benld, IL",217-835-4397,,,,
Business,1,Restaurants/ Banquet Halls/Bakeries,R & B's Restaurant,802 S Hackman,"Staunton, IL","802 S Hackman Staunton, IL",618-635-2588,,,,
Business,1,Restaurants/ Banquet Halls/Bakeries,Reno's Italian Pizza,518 North Side Square,"Carlinville, IL","518 North Side Square Carlinville, IL",217-854-5909,,,,
Business,1,Restaurants/ Banquet Halls/Bakeries,Roma's Pizza,220 S Macoupin,"Gillespie, IL","220 S Macoupin Gillespie, IL",217-839-2623,,,,
Business,1,Restaurants/ Banquet Halls/Bakeries,Ron's Redbird Cafe,112 W Center,"Girard, IL","112 W Center Girard, IL",217-627-2045,,,,
Business,1,Restaurants/ Banquet Halls/Bakeries,Schweppe's Fish,821 W Pearl St,"Staunton, IL","821 W Pearl St Staunton, IL",618-635-2777,,,,
Business,1,Restaurants/ Banquet Halls/Bakeries,Showtime Lanes Inc,1515 N Springfield St,"Virden, IL","1515 N Springfield St Virden, IL",217-965-5521,,,,
Business,1,Restaurants/ Banquet Halls/Bakeries,Spring Garden Famiy Restaurant,300 N Maple St,"Brighton, IL","300 N Maple St Brighton, IL",618-372-3500,,,,
Business,1,Restaurants/ Banquet Halls/Bakeries,Staunton Columbian Club,20631 Staunton Rd,"Staunton, IL","20631 Staunton Rd Staunton, IL",618-635-2170,,,,
Business,1,Restaurants/ Banquet Halls/Bakeries,Subway,102 N Maple St,"Brighton, IL","102 N Maple St Brighton, IL",618-372-8866,,,,
Business,1,Restaurants/ Banquet Halls/Bakeries,Subway,South Washington,"Bunker Hill, IL","South Washington Bunker Hill, IL",618-585-6880,,,,
Business,1,Restaurants/ Banquet Halls/Bakeries,Subway,118 N Macoupin Ave,"Gillespie, IL","118 N Macoupin Ave Gillespie, IL",217-839-4444,,,,
Business,1,Restaurants/ Banquet Halls/Bakeries,Sunset Restaurant,21224 Rt 138,"Mt. Olive, IL","21224 Rt 138 Mt. Olive, IL",217-999-2115,,,,
Business,1,Restaurants/ Banquet Halls/Bakeries,Taylor & Soapes,120 E Main,"Mt. Olive, IL","120 E Main Mt. Olive, IL",217-999-5600,,,,
Business,1,Restaurants/ Banquet Halls/Bakeries,Three Margaritas Mexican Cuisine,307 S Maple St,"Brighton, IL","307 S Maple St Brighton, IL",618-372-4340,,,,
Business,1,Restaurants/ Banquet Halls/Bakeries,Tom's Supermarket Bakery,315 W Center St,"Brighton, IL","315 W Center St Brighton, IL",618-372-7272,,,,
Business,1,Restaurants/ Banquet Halls/Bakeries,Toni's Restaurant,2630 Staunton Rd,"Benld, IL","2630 Staunton Rd Benld, IL",217-835-4418,,,,
Business,1,Restaurants/ Banquet Halls/Bakeries,Tri-County Cafe,Hwy 67,"Medora, IL","Hwy 67 Medora, IL",,,,,
Business,1,Restaurants/ Banquet Halls/Bakeries,Veschak Bakery,207 W Central,"Benld, IL","207 W Central Benld, IL",217-839-2722,,,,
Business,1,Restaurants/ Banquet Halls/Bakeries,Whirl-a-Whip,309 S 3rd St,"Girard, IL","309 S 3rd St Girard, IL",217-627-3210,,,,
Business,1,Restaurants/ Banquet Halls/Bakeries,Zip's Main Street Perk,111 W Main,"Mt. Olive, IL","111 W Main Mt. Olive, IL",217-999-3850,,,,
Business,1,Sanitation,Community Septic,Box 227,"Medora, IL","Box 227 Medora, IL",618-729-4485,,,,
Business,1,Sanitation,Flowers Sanitation,201 Mounts,"Carlinville, IL","201 Mounts Carlinville, IL",217-854-9395,,,,
Business,1,Sanitation,Flowers Sanitation,21339 Rt 4,"Staunton, IL","21339 Rt 4 Staunton, IL",217-854-9395,,,,
Business,1,Sanitation,Flowers Sanitation,900 W Fortune St,"Virden, IL","900 W Fortune St Virden, IL",217-965-5618,,,,
Business,1,Sanitation,Lewi's Sanitation,P.O. Box 52,"Piasa, IL","P.O. Box 52 Piasa, IL",618-729-4545,,,,
Business,1,Sanitation,"Sanders Waste Systems, Inc",,, ,618-372-8962,,,,
Business,1,Sanitation,"White Sanitation Service, Inc",29 Double Arch Rd,"Staunton, IL","29 Double Arch Rd Staunton, IL",618-635-4020,,,,
Business,1,Tavern,Anchor Inn,510 North Side Square,"Carlinville, IL","510 North Side Square Carlinville, IL",217-854-5250,,,,
Business,1,Tavern,Andy Tavern,208 W Center,"Girard, IL","208 W Center Girard, IL",217-627-2619,,,,
Business,1,Tavern,Bunkhouse,201 E Warren St,"Bunker Hill, IL","201 E Warren St Bunker Hill, IL",217-999-7380,,,,
Business,1,Tavern,Cabaret Lounge,203 N. Main St.,"Brighton, IL","203 N. Main St. Brighton, IL",618-372-8962,,,,
Business,1,Tavern,The Cooler,123 E Main,"Staunton, IL","123 E Main Staunton, IL",618-635-4001,,,,
Business,1,Tavern,Cozy Corner,36 Sonnemann,"Carlinville, IL","36 Sonnemann Carlinville, IL",217-854-2343,,,,
Business,1,Tavern,Crawdaddy's,121 W Main,"Mt. Olive, IL","121 W Main Mt. Olive, IL",217-999-2090,,,,
Business,1,Tavern,Duke's Cabaret,203 N Main St,"Brighton, IL","203 N Main St Brighton, IL",618-372-3961,,,,
Business,1,Tavern,Hurley's Main Street Saloon,113 E Main,"Mt. Olive, IL","113 E Main Mt. Olive, IL",217-999-3411,,,,
Business,1,Tavern,JC's Tap,208 E Main,"Mt. Olive, IL","208 E Main Mt. Olive, IL",217-999-4409,,,,
Business,1,Tavern,Juices,303 E Main,"Mt. Olive, IL","303 E Main Mt. Olive, IL",217-999-4120,,,,
Business,1,Tavern,Mr T's Tavern & Liquor Store Inc,219 E Main St,"Staunton, IL","219 E Main St Staunton, IL",618-635-3122,,,,
Business,1,Tavern,Old Seven Saloon,103 E Sate St,"Palmyra, IL","103 E Sate St Palmyra, IL",217-436-2613,,,,
Business,1,Tavern,St George Room,East Side Square,"Carlinville, IL","East Side Square Carlinville, IL",217-854-7018,,,,
Business,1,Tavern,Wimp's Pub,111 N Main St,"Brighton, IL","111 N Main St Brighton, IL",618-372-8962,,,,
Community Services,2,Assistance Services,Catholic Charities,525 West Second South,"Carlinville, IL ","525 West Second South Carlinville, IL ",(217) 854-4511,(217) 854-8049,https://www.cc.dio.org/area_offices/carlinville/home.htm,,"Professional Counseling Solutions - Individual, Marital and Family Therapy: Call the office (854-4511) to request counseling. Appointments held either at our local office or the outreach office in White Hall, IL at Seton Hall.

"
Community Services,2,Assistance Services,Illinois Department of Human Services ,1429 S. Main Street,"Jacksonville, IL ","1429 S. Main Street Jacksonville, IL ",217-245-9585 or 888-261-8516,217-243-8131,http://www.dhs.state.il.us/page.aspx?module=12&officetype=7&county=Macoupin,,"DHS helps families meet basic needs by offering a range of services to help them become healthy and self-sufficient. The services offered at this location include: Child Care Resources & Referral, Comprehensive Community-Based Youth services, developmental disability services, domestic violence victim services, early intervention, family case management, family community resource center, family planning, mental health, partner abuse intervention services, rehabilitation services, residential school, state psychiatric hospital, women infants and children (WIC)."
Community Services,2,Assistance Services,Macoupin County Housing Authority,760 Anderson Street ,"Carlinville, IL ","760 Anderson Street  Carlinville, IL ",866-363-5142,217-854-8749 ,http://www.teamhousingcenter.com/,info@teamhousingcenter.com,"MCHA provides decent, safe, and sanitary housing to low and moderate-income people."
Community Services,2,Assistance Services,Safe Families,,, ,888-259-6364 or 217-415-4610,,http://www.mcphd.net/violence.php,,Services Available:
Community Services,2,,,,, ,,,,,
Community Services,2,,,,, ,,,,,
Community Services,2,,,,, ,,,,,
Community Services,2,,,,, ,,,,,
Community Services,2,,,,, ,,,,,
Community Services,2,,,,, ,,,,,
Community Services,2,Assistance Services,WIC Services,805 N. Broad,"Carlinville, IL ","805 N. Broad Carlinville, IL ",888-369-9510 or 217-854-7272,217-854-3225,http://www.mcphd.net/about_wic.php ,,"WIC is a health and nutrition program that helps pregnant, breastfeeding and postpartum women, infants, and children (up to age five) eat well and stay healthy."
Community Services,2,Assistance Services,Locust Street Resource Center,320 S. Locust Street,"Carlinville, IL ","320 S. Locust Street Carlinville, IL ",217-854-3165,217-854-3135,http://locuststreet.org/,,"The Locust Street Resource Center is a not-for-profit comprehensive behavioral health center providing a wide range of services in multiple counties in Central Illinois. The nearly 60 employees are committed to providing services that are effective and prompt, that offer hope and promote recovery, that are consumer focused and that are tailored to meet your needs. For 38 years they have been a valued resource in the community providing youth, families, adults and seniors with mental health, substance abuse, developmental disability and elder abuse services. "
Community Services,2,Civic Groups,Carlinville Elks Lodge #1412,201 W Main Street,"Carlinville, IL ","201 W Main Street Carlinville, IL ",217-854-3557,,https://www.facebook.com/CarlinvilleElksLodge1412,carlinville1412@gmail.com,"Elks are committed to improving and nurturing our surrounding communities. We give generously to the schools through scholarships, donations for school functions and supporting the extracurricular sport programs."
Community Services,2, Health,Carlinville Hospital,20733 N. Broad Street,"Carlinville, IL ","20733 N. Broad Street Carlinville, IL ",217-854-3141 or 800-828-9923,,,,"Carlinville Area Hospital is a licensed 25-bed acute care hospital that provides a wide range of inpatient, outpatient and emergency services. Patients can be admitted to the hospital for medical, surgical or pediatric care. A variety of other services are available to patients on an inpatient and outpatient basis through the Hospital's Cardiopulmonary, Imaging, Laboratory and Rehabilitative Services, including Physical, Occupational and Speech therapy, as well as Cardiac and Pulmonary Rehabilitation."
Community Services,2,Health,Staunton Community Memorial Hospital,400 Caldwell Street,"Staunton, IL ","400 Caldwell Street Staunton, IL ",618-635-2200,,http://stauntonhospital.org/,,"Community Memorial Hospital is a 25 bed, short stay, not for profit, non-denominational hospital. It has been open to service the citizens of the area since 1951. The Hospital is licensed by the Illinois Department of Public Health. Community Memorial Hospital maintains medical/surgical units and multi-bed special care units. Twenty-four hour emergency care is available 365 days a year. Nurses are specially trained in cardiac life support, trauma life support and specialized pediatric care. Community Memorial Hospital provides specialty services for the following: Audiology, Cardiology/Pulmonary, Dermatology, Neurology, Obstetrics/Gynecology, Ophthalmology, Orthopedics/Sports Medicine, Podiatry and Urology."
Community Services,2,Volunteer,Maple Street Medical and Dental Clinic,109 E. Maple Street,"Gillespie, IL ","109 E. Maple Street Gillespie, IL ",217-839-1526,217-839-1538,http://www.mcphd.net/general_information_medical.php,,"Macoupin County Maple Street Medical Clinic offers preventative and basic medical services for patients ages 3 and over regardless of insurance coverage. Services for adolescents include: sports physical, school physicals, immunizations, well child check-ups and ill child check-ups, nutritional counseling, STI screening, prevention, education and treatment, and behavioral counseling services. Services for adults include: routine well woman check-ups, Illinois Breast and Cervical Cancer Program, nutritional counseling, STI screening, prevention, education, and treatment, and behavioral counseling services."
Community Services,2,Volunteer,Macoupin County Animal Control and Adoption Center,21640 Route 4,"Carlinville, IL","21640 Route 4 Carlinville, IL",217-854-4024,,https://www.facebook.com/pages/Macoupin-County-Animal-Control-and-Adoption-Center/591032887591394,,"Volunteers are always needed at the shelter to help clean, walk the dogs, cuddle cats or help brush and groom them. Volunteers are also needed to participate in adoption events, tell others about adoptable pets, and donate items such as food, toys, collars, leashes, and training tools."
Community Services,2,Children and Family,Macoupin Center for Developmentally Disabled,700 E. Elm Street,"Carlinville, IL ","700 E. Elm Street Carlinville, IL ",217-854-3473,,http://mcdd.us/,contact@mcdd.us,"The goal of MCDD is to meet the basic need for adults with disabilities living in Macoupin and surrounding counties. MCDD serves individuals with developmental disabilities who are 18 years of age and older to provide them with continued education catered to their individual abilities, provide them with important social and life skills, social interaction, and to engendering a sense of belonging, purpose and self worth."
Community Services,2,Health,Medical Reserve Corps,,, ,217-839-4113,,http://www.mcphd.net/medical_reserve_corps.php,aboles@mcphd.net,"The Macoupin County Medical Reserve Corps (MRC) is a volunteer group recruited trained, and maintained through the Macoupin County Public Health Department. MRC volunteers participate in annual public health training opportunities. In addition to public health emergencies, MRC volunteers learn the skills needed to respond to allMacoupinCountydisasters. All communication among volunteers is through phone or e-mail. As of now, there is not a commitment to monthly meetings. We are recruiting medical and non-medical volunteers who would be ready and willing to assist during a disaster, if needed. Prior experience in emergency response is not needed as we provide training, but experience is definitely welcomed."
Community Services,2,Education,University of Illinois Extension- Macoupin County,#60 Carlinville Plaza,"Carlinville, IL ","#60 Carlinville Plaza Carlinville, IL ",217-854-9604 ,217-854-7804,http://web.extension.illinois.edu/cjmm/,,"U of I Extension offers practical, research-based education to help people improve their lives and communities through learning partnerships. Our Unit staff is committed to improving the quality of life for community members by focusing on the public's needs. The success and impact of U of I Extension is attributed to the dedication and shared vision of ""Extending Knowledge - Changing Lives."" University of Illinois Extension provides practical, research-based information and programs to help individuals, families, farms, businesses and communities in Illinois. Its mission in short, is to help the citizens of Illinois put knowledge to work. The contribution of volunteers is essential to the achievement of this mission. "
Local Government,3,Fire District,Bunker Hill Fire Protection District,,, ,,618-585-4766,,aprilstax@frontiernet.net,
Local Government,3,Fire District,Farmersville-Waggoner Fire Protection District,,, ,,,,leonardr@roveyseed.com,
Local Government,3,Fire District,Greenfield Fire Protection District,,, ,,217-942-5252,,,
Local Government,3,Fire District,Mt. Olive Fire Protection District,815 W. Main St.  ,"Mt Olive, IL","815 W. Main St.   Mt Olive, IL",,,,mountolivefd@yahoo.com,
Local Government,3,Fire District,New Douglas Fire Protection District,,, ,,217-456-8491,,rrh37@frontiernet.net,
Local Government,3,Fire District,Raymond Fire Protection District,,, ,,217-229-4505,,,
Local Government,3,Fire District,Staunton Fire Protection District,215 S. Wood St.,"Staunton, IL","215 S. Wood St. Staunton, IL",618-635-2139,618-635-2186,,,
Local Government,3,Fire District,Unit 7 Fire Protection District,115 N. Macoupin St.,"Gillespie, IL","115 N. Macoupin St. Gillespie, IL",217-823-1121,217-839-3332,,edrx@speednet.com,
Local Government,3,Fire District,Virden Fire Protection District,317 N. Springfield St.,"Virden, IL","317 N. Springfield St. Virden, IL",217-965-3645,217-965-9803,,,
Local Government,3,Library District,Bunker Hill Public Library District,,, ,,618-585-6073,,library@bunkerhilllibrary.org,
Local Government,3,Library District,Carlinville Public Library District,510 N. Broad St. ,"Carlinville, IL","510 N. Broad St.  Carlinville, IL",217-854-3505,217-854-5349,www.carlinvillelibrary.org,mail@carlinvillelibrary.org,
Local Government,3,Library District,Farmersville-Waggoner Public Library District,,, ,,,,fwlibrary@royell.org,
Local Government,3,Library District,Gillespie Public Library District,201 W. Chestnut,"Gillespie, IL","201 W. Chestnut Gillespie, IL",217-839-3614,217-839-4854,,gillespiepubliclibrary@gmail.com,
Local Government,3,Library District,Grand Prairie of the West Public Library District,,, ,,217-965-3801,,shirley@grandprairielibrary.org,
Local Government,3,Library District,Litchfield Public Library District,,, ,,217-324-3884,,library@litchfieldil.com,
Local Government,3,School Districts,Carlinville CUSD #1,829 W. Main,"Carlinville, IL","829 W. Main Carlinville, IL",217-854-9823,217-854-2777,www.carlinvilleschools.net,kellym@carlinvilleschools.net,
Local Government,3,School Districts,Northwestern CUSD #2,30953 Route 111,"Palmyra, IL","30953 Route 111 Palmyra, IL",217-436-2442,217-436-2701,www.northwestern.k12.il.us,pbowman@northwestern.k12.il.us,
Local Government,3,School Districts,Mt. Olive CUSD #5,804 W. Main St,"Mt Olive, IL","804 W. Main St Mt Olive, IL",217-999-7831,217-999-2150,www.mtoliveschools.org,pmurphy@mtoliveschools.org,
Local Government,3,School Districts,Gillepsie CUSD #7,510 W Elm St,"Gillespie, IL","510 W Elm St Gillespie, IL",217-839-2464,217-839-3353,www.gillespie.k12.il.us,,
Local Government,3,School Districts,Bunker Hill CUSD #8,504 E Warren,"Bunker Hill, IL","504 E Warren Bunker Hill, IL",618-585-3116,618-585-3212,www.bhschools.org,vbuehler@bhschools.org,
Local Government,3,Township,Staunton Township,20459 Staunont Rd,"Staunton, IL","20459 Staunont Rd Staunton, IL",618-635-2345,618-635-2345,,dups@madisontelco.com,
Local Government,3,Township,Mt. Olive Township,304 E. Main St,"Mt Olive, IL","304 E. Main St Mt Olive, IL",217-999-3531,217-999-3531,,mtolivetwp@frontier.com,
Local Government,3,Township,Cahokia Township,111 W. Central Ave.,"Benld, IL","111 W. Central Ave. Benld, IL",217-835-4722,217-835-4722,,cahokiats@frontiernet.net,
Local Government,3,Township,Honey Point Township,21082 Woodland Rd,"Carlinville, IL","21082 Woodland Rd Carlinville, IL",217-324-2789 217-839-2000,,,,
Local Government,3,Township,Shaws Point Township,22839 Main St,"Atwater, IL","22839 Main St Atwater, IL",,,,,
Local Government,3,Township,Nilwood Township,P.O. Box 15,"Nilwood, IL","P.O. Box 15 Nilwood, IL",217-627-2086 217-627-3509,,,,
Local Government,3,Township,Girard Township,,, ,,217-627-2017,,rps45@newwavecomm.net,
Local Government,3,Township,Virden Township,232 N Masterson St,"Virden, IL","232 N Masterson St Virden, IL",217-965-5211,217-965-5211,www.virdentownship.org,www.virdentownship@royell.org,
Local Government,3,Township,Dorchester Township,,, ,,,,windyb@madisontelco.com,
Local Government,3,Township,Gillespie Township,218 S. Macoupin,"Gillespie, IL","218 S. Macoupin Gillespie, IL",217-839-3540,217-839-2151,,kerondi@hotmail.com,
Local Government,3,Township,Brushy Mound,,, ,,217-854-8072,,jaleefers@gmail.com,
Local Government,3,Township,Carlinville Township,223 W. Main St.,"Carlinville, IL","223 W. Main St. Carlinville, IL",217-854-6606,217-854-6606,,carlinvilletownship@hotmail.com,
Local Government,3,Township,S. Otter Township,15252 Township Rd.,"Girard, IL","15252 Township Rd. Girard, IL",217-627-3530,,,,
Local Government,3,Township,Bunker Hill Township,,, ,,,,kristinejarden@yahoo.com,
Local Government,3,Township,Hilyard Township,,, ,,,,areaamb@frontiernet.net,
Local Government,3,Township,S. Palmyra Township,234 West St.,"Palmyra, IL","234 West St. Palmyra, IL",217-436-2112,217-436-2403,,thursbyms@royell.org,
Local Government,3,Township,N. Palmyra Township,,, ,,,,,
Local Government,3,Township,Brighton Township,101 Olive,"Brighton, IL","101 Olive Brighton, IL",618-795-8362,618-372-3842,,nancunningham10@sbcglobal.net,
Local Government,3,Township,Shipman Township,2217 FS Rd,"Medora, IL","2217 FS Rd Medora, IL",618-729-4165,618-729-4153,,shagen73@frontier.com,
Local Government,3,Township,Chesterfield Township,,, ,,,,,
Local Government,3,Township,Barr Township,330 W Main st,"Hettick, IL","330 W Main st Hettick, IL",,,,,
Local Government,3,Township,Scottville Township,,, ,217-484-6330 217-484-6337,,,,
Local Government,3,Cities and Villages,City of Benld,201 E Central,"Benld, IL","201 E Central Benld, IL",217-835-2114,217-835-2126,www.benld.org,benld@frontier.com,
Local Government,3,Cities and Villages,City of Carlinville,550 N. Broad,"Carlinville, IL","550 N. Broad Carlinville, IL",217-854-4076,217-854-4398,www.cityofcarlinville.com,,
Local Government,3,Cities and Villages,City of Gillespie,115 N. Macoupin St.,"Gillespie, IL","115 N. Macoupin St. Gillespie, IL",217-839-2919,217-839-4258,,cityofgillespie@frontiernet.net,
Local Government,3,Cities and Villages,City of Mt. Olive,200 E. Main St,"Mt Olive, IL","200 E. Main St Mt Olive, IL",217-999-4261,217-999-2036,,moclerk@madisontelco.com,
Local Government,3,Cities and Villages,Village of Brighton,,, ,,618-372-0190,,brightonclerk@att.net,
Local Government,3,Cities and Villages,Village of Dorchester,,, ,,,,hayjake4@hotmail.com,
Local Government,3,Cities and Villages,Village of Eagarville,116 S. Mt Olive Rd,Eagarville,116 S. Mt Olive Rd Eagarville,217-835-2405 217-835-4425,,,cathyrhodes49@yahoo.com,
Local Government,3,Cities and Villages,Village of East Gillespie,605 Springfield Rd,"Gillespie, IL","605 Springfield Rd Gillespie, IL",217-839-3069,217-839-3053,,,
Local Government,3,Cities and Villages,Village of Hettick,P.O. Box 2,"Hettick, IL","P.O. Box 2 Hettick, IL",,,,,
Local Government,3,Cities and Villages,Village of Lake Ka-Ho,,, ,,217-999-5247,,barbjones94@yahoo.com,
Local Government,3,Cities and Villages,Village of Medora,,, ,,618-729-9089,,,
Local Government,3,Cities and Villages,Village of Modesto,201 E Grand ,"Modesto, IL ","201 E Grand  Modesto, IL ",217-439-7516,217-439-7516,,,
Local Government,3,Cities and Villages,Village of Nilwood,33 Morean St,"Nilwood, IL","33 Morean St Nilwood, IL",217-627-2231,217-627-2231,,villageofnilwood@yahoo.com,
Local Government,3,Cities and Villages,Village of Palmyra,114 E State St,"Palmyra, IL","114 E State St Palmyra, IL",217-436-2518,217-436-2096,,palmyrail@royell.net,
Local Government,3,Cities and Villages,Village of Royal Lakes,549 W Shipman Rd,"Royal Lakes, IL","549 W Shipman Rd Royal Lakes, IL",618-836-7124,618-836-5427,,vhall@frontienet.net,
Local Government,3,Cities and Villages,Village of Sawyerville,P.O. Box 7,"Sawyerville, IL","P.O. Box 7 Sawyerville, IL",,,,,
Local Government,3,Cities and Villages,Village of Scottville,102 Walnut St,"Scottville, IL","102 Walnut St Scottville, IL",217-313-4532 217-484-6371,,,,
Local Government,3,Cities and Villages,Village of Shipman,,, ,,618-836-7112,,villageofshipman@royell.org,
Local Government,3,Cities and Villages,Village of Standard City,650 Broadway,"Standard City, IL","650 Broadway Standard City, IL",217-960-0742,217-960-0742,,,
Local Government,3,Cities and Villages,Village of White City,884 S. Main St,"Mt. Olive, IL ","884 S. Main St Mt. Olive, IL ",217-999-6123,217-999-4088,,villageofwhitecity@frontiernet.net,
Local Government,3,Cities and Villages,Village of Wilsonville,P.O. Box 404,"Wilsonville, IL","P.O. Box 404 Wilsonville, IL",,,,,
Local Government,3,Special Districts,Multi-Township District #1,,, ,,312-604-1508,,kevinapolo@yahoo.com,
Local Government,3,Special Districts,Multi-Township District #2,,, ,,,,,
Local Government,3,Special Districts,Multi-Township District #5,,, ,,,,,
Local Government,3,Special Districts,Virden Sanitary District,,, ,,,,vsd@royell.net,
,,,,,, ,,,,,
,,,,,, ,,,,,
,,,,,, ,,,,,
,,,,,, ,,,,,
,,,,,, ,,,,,
,,,,,, ,,,,,
,,,,,, ,,,,,
,,,,,, ,,,,,
,,,,,, ,,,,,
,,,,,, ,,,,,
,,,,,, ,,,,,
,,,,,, ,,,,,
,,,,,, ,,,,,
,,,,,, ,,,,,
,,,,,, ,,,,,
,,,,,, ,,,,,
,,,,,, ,,,,,
,,,,,, ,,,,,
